,date,country,continent,total_cases,new_cases,new_cases_smoothed,total_deaths,new_deaths,new_deaths_smoothed,new_tests,total_tests,new_tests_smoothed,tests_per_case,positive_rate,tests_units,stringency_index,population,population_density,median_age,aged_65_older,aged_70_older,gdp_per_capita,extreme_poverty,cardiovasc_death_rate,diabetes_prevalence,female_smokers,male_smokers,handwashing_facilities,hospital_beds_per_thousand,life_expectancy,human_development_index,total_recovered,latitude,longitude,School closures,Workplace Closures,Cancel public events,Restrictions on gatherings,Close public transport,Stay at home requirements,Restrictions on internal movement,International travel controls,Income support,Debt/contract relief,Fiscal measures,International support,Public information campaigns,Testing policy,Contact tracing,Emergency investment in health care,Investment in Vaccines,Stringency Index,Containment and Health Index,gm_Retail & Recreation,gm_Grocery & Pharmacy,gm_Parks,gm_Transit Stations,gm_Workplaces,gm_Residential,active_cases,case_fatality_ratio,infected_per_100k,deaths_per_100k,mortality_rate,recovered_percent,percent_pop_affected,herd_immunity_threshold,new_recovered,new_recovered_smoothed,percent_increase_cases
45522,2019-12-31,World,,27.0,27.0,,0.0,0.0,,,,,,,,,7794798729.0,58.045,30.9,8.696,5.355,15469.207,10.0,233.07,8.51,6.434,34.635,60.13,2.705,72.58,,,,,,,,,,,,,,,,,,,,,,,,,,,,,,,0.0,0.00034638482581401877,0.0,0.0,,3.4638482581401877e-07,5222515148.43,,,
45523,2020-01-01,World,,27.0,0.0,,0.0,0.0,,,,,,,,,7794798729.0,58.045,30.9,8.696,5.355,15469.207,10.0,233.07,8.51,6.434,34.635,60.13,2.705,72.58,,,,,,,,,,,,,,,,,,,,,,,,,,,,,,,0.0,0.00034638482581401877,0.0,0.0,,3.4638482581401877e-07,5222515148.43,,,-100.0
45524,2020-01-02,World,,27.0,0.0,,0.0,0.0,,,,,,,,,7794798729.0,58.045,30.9,8.696,5.355,15469.207,10.0,233.07,8.51,6.434,34.635,60.13,2.705,72.58,,,,,,,,,,,,,,,,,,,,,,,,,,,,,,,0.0,0.00034638482581401877,0.0,0.0,,3.4638482581401877e-07,5222515148.43,,,
45525,2020-01-03,World,,44.0,17.0,,0.0,0.0,,,,,,,,,7794798729.0,58.045,30.9,8.696,5.355,15469.207,10.0,233.07,8.51,6.434,34.635,60.13,2.705,72.58,,,,,,,,,,,,,,,,,,,,,,,,,,,,,,,0.0,0.0005644789754006232,0.0,0.0,,5.644789754006232e-07,5222515148.43,,,inf
45526,2020-01-04,World,,44.0,0.0,,0.0,0.0,,,,,,,,,7794798729.0,58.045,30.9,8.696,5.355,15469.207,10.0,233.07,8.51,6.434,34.635,60.13,2.705,72.58,,,,,,,,,,,,,,,,,,,,,,,,,,,,,,,0.0,0.0005644789754006232,0.0,0.0,,5.644789754006232e-07,5222515148.43,,,-100.0
45527,2020-01-05,World,,59.0,15.0,,0.0,0.0,,,,,,,,,7794798729.0,58.045,30.9,8.696,5.355,15469.207,10.0,233.07,8.51,6.434,34.635,60.13,2.705,72.58,,,,,,,,,,,,,,,,,,,,,,,,,,,,,,,0.0,0.0007569149897417447,0.0,0.0,,7.569149897417447e-07,5222515148.43,,,inf
45528,2020-01-06,World,,59.0,0.0,8.429,0.0,0.0,0.0,,,,,,,,7794798729.0,58.045,30.9,8.696,5.355,15469.207,10.0,233.07,8.51,6.434,34.635,60.13,2.705,72.58,,,,,,,,,,,,,,,,,,,,,,,,,,,,,,,0.0,0.0007569149897417447,0.0,0.0,,7.569149897417447e-07,5222515148.43,,,-100.0
45529,2020-01-07,World,,59.0,0.0,4.571000000000001,0.0,0.0,0.0,,,,,,,,7794798729.0,58.045,30.9,8.696,5.355,15469.207,10.0,233.07,8.51,6.434,34.635,60.13,2.705,72.58,,,,,,,,,,,,,,,,,,,,,,,,,,,,,,,0.0,0.0007569149897417447,0.0,0.0,,7.569149897417447e-07,5222515148.43,,,
45530,2020-01-08,World,,59.0,0.0,4.571000000000001,0.0,0.0,0.0,,,,,,,,7794798729.0,58.045,30.9,8.696,5.355,15469.207,10.0,233.07,8.51,6.434,34.635,60.13,2.705,72.58,,,,,,,,,,,,,,,,,,,,,,,,,,,,,,,0.0,0.0007569149897417447,0.0,0.0,,7.569149897417447e-07,5222515148.43,,,
45531,2020-01-09,World,,59.0,0.0,4.571000000000001,0.0,0.0,0.0,,,,,,,,7794798729.0,58.045,30.9,8.696,5.355,15469.207,10.0,233.07,8.51,6.434,34.635,60.13,2.705,72.58,,,,,,,,,,,,,,,,,,,,,,,,,,,,,,,0.0,0.0007569149897417447,0.0,0.0,,7.569149897417447e-07,5222515148.43,,,
45532,2020-01-10,World,,59.0,0.0,2.1430000000000002,0.0,0.0,0.0,,,,,,,,7794798729.0,58.045,30.9,8.696,5.355,15469.207,10.0,233.07,8.51,6.434,34.635,60.13,2.705,72.58,,,,,,,,,,,,,,,,,,,,,,,,,,,,,,,0.0,0.0007569149897417447,0.0,0.0,,7.569149897417447e-07,5222515148.43,,,
45533,2020-01-11,World,,59.0,0.0,2.1430000000000002,1.0,1.0,0.14300000000000002,,,,,,,,7794798729.0,58.045,30.9,8.696,5.355,15469.207,10.0,233.07,8.51,6.434,34.635,60.13,2.705,72.58,,,,,,,,,,,,,,,,,,,,,,,,,,,,,,,0.01694915254237288,0.0007569149897417447,1.2829067622741437e-05,1.694915254237288,,7.569149897417447e-07,5222515148.43,,,
45534,2020-01-12,World,,59.0,0.0,0.0,1.0,0.0,0.14300000000000002,,,,,,,,7794798729.0,58.045,30.9,8.696,5.355,15469.207,10.0,233.07,8.51,6.434,34.635,60.13,2.705,72.58,,,,,,,,,,,,,,,,,,,,,,,,,,,,,,,0.01694915254237288,0.0007569149897417447,1.2829067622741437e-05,1.694915254237288,,7.569149897417447e-07,5222515148.43,,,
45535,2020-01-13,World,,60.0,1.0,0.14300000000000002,1.0,0.0,0.14300000000000002,,,,,,,,7794798729.0,58.045,30.9,8.696,5.355,15469.207,10.0,233.07,8.51,6.434,34.635,60.13,2.705,72.58,,,,,,,,,,,,,,,,,,,,,,,,,,,,,,,0.016666666666666666,0.0007697440573644861,1.2829067622741437e-05,1.6666666666666667,,7.697440573644862e-07,5222515148.43,,,inf
45536,2020-01-14,World,,60.0,0.0,0.14300000000000002,1.0,0.0,0.14300000000000002,,,,,,,,7794798729.0,58.045,30.9,8.696,5.355,15469.207,10.0,233.07,8.51,6.434,34.635,60.13,2.705,72.58,,,,,,,,,,,,,,,,,,,,,,,,,,,,,,,0.016666666666666666,0.0007697440573644861,1.2829067622741437e-05,1.6666666666666667,,7.697440573644862e-07,5222515148.43,,,-100.0
45537,2020-01-15,World,,61.0,1.0,0.28600000000000003,2.0,1.0,0.28600000000000003,,,,,,,,7794798729.0,58.045,30.9,8.696,5.355,15469.207,10.0,233.07,8.51,6.434,34.635,60.13,2.705,72.58,,,,,,,,,,,,,,,,,,,,,,,,,,,,,,,0.03278688524590164,0.0007825731249872277,2.5658135245482874e-05,3.278688524590164,,7.825731249872276e-07,5222515148.43,,,inf
45538,2020-01-16,World,,61.0,0.0,0.28600000000000003,2.0,0.0,0.28600000000000003,,,,,,,,7794798729.0,58.045,30.9,8.696,5.355,15469.207,10.0,233.07,8.51,6.434,34.635,60.13,2.705,72.58,,,,,,,,,,,,,,,,,,,,,,,,,,,,,,,0.03278688524590164,0.0007825731249872277,2.5658135245482874e-05,3.278688524590164,,7.825731249872276e-07,5222515148.43,,,-100.0
45539,2020-01-17,World,,66.0,5.0,1.0,2.0,0.0,0.28600000000000003,,,,,,,,7794798729.0,58.045,30.9,8.696,5.355,15469.207,10.0,233.07,8.51,6.434,34.635,60.13,2.705,72.58,,,,,,,,,,,,,,,,,,,,,,,,,,,,,,,0.030303030303030304,0.0008467184631009349,2.5658135245482874e-05,3.0303030303030303,,8.467184631009348e-07,5222515148.43,,,inf
45540,2020-01-18,World,,83.0,17.0,3.429,2.0,0.0,0.14300000000000002,,,,,,,,7794798729.0,58.045,30.9,8.696,5.355,15469.207,10.0,233.07,8.51,6.434,34.635,60.13,2.705,72.58,,,,,,,,,,,,,,,,,,,,,,,,,,,,,,,0.024096385542168676,0.0010648126126875392,2.5658135245482874e-05,2.4096385542168677,,1.0648126126875391e-06,5222515148.43,,,240.0
45541,2020-01-19,World,,219.0,136.0,22.857,3.0,1.0,0.28600000000000003,,,,,,,,7794798729.0,58.045,30.9,8.696,5.355,15469.207,10.0,233.07,8.51,6.434,34.635,60.13,2.705,72.58,,,,,,,,,,,,,,,,,,,,,,,,,,,,,,,0.0136986301369863,0.0028095658093803748,3.848720286822431e-05,1.36986301369863,,2.8095658093803747e-06,5222515148.43,,,700.0
45542,2020-01-20,World,,239.0,20.0,25.570999999999998,3.0,0.0,0.28600000000000003,,,,,,,,7794798729.0,58.045,30.9,8.696,5.355,15469.207,10.0,233.07,8.51,6.434,34.635,60.13,2.705,72.58,,,,,,,,,,,,,,,,,,,,,,,,,,,,,,,0.012552301255230125,0.003066147161835203,3.848720286822431e-05,1.2552301255230125,,3.0661471618352033e-06,5222515148.43,,,-85.29
45543,2020-01-21,World,,392.0,153.0,47.428999999999995,6.0,3.0,0.7140000000000001,,,,,,,,7794798729.0,58.045,30.9,8.696,5.355,15469.207,10.0,233.07,8.51,6.434,34.635,60.13,2.705,72.58,,,,,,,,,,,,,,,,,,,,,,,,,,,,,,,0.015306122448979591,0.005028994508114643,7.697440573644861e-05,1.530612244897959,,5.028994508114643e-06,5222515148.43,,,665.0
45544,2020-01-22,World,,534.0,142.0,67.571,17.0,11.0,2.1430000000000002,,,,,,,,7794798729.0,58.045,30.9,8.696,5.355,15469.207,10.0,233.07,8.51,6.434,34.635,60.13,2.705,72.58,,,,,,,,,,,,,,,,,,,,,,,,,,,,,,,0.031835205992509365,0.006850722110543927,0.00021809414958660442,3.1835205992509366,,6.850722110543927e-06,5222515148.43,,,-7.19
45545,2020-01-23,World,,631.0,97.0,81.429,17.0,0.0,2.1430000000000002,,,,,,,,7794798729.0,58.045,30.9,8.696,5.355,15469.207,10.0,233.07,8.51,6.434,34.635,60.13,2.705,72.58,,,,,,,,,,,,,,,,,,,,,,,,,,,,,,,0.02694136291600634,0.008095141669949846,0.00021809414958660442,2.694136291600634,,8.095141669949846e-06,5222515148.43,,,-31.69
45546,2020-01-24,World,,897.0,266.0,118.714,26.0,9.0,3.429,,,,,,,,7794798729.0,58.045,30.9,8.696,5.355,15469.207,10.0,233.07,8.51,6.434,34.635,60.13,2.705,72.58,,,,,,,,,,,,,,,,,,,,,,,,,,,,,,,0.028985507246376812,0.011507673657599068,0.00033355575819127737,2.898550724637681,,1.150767365759907e-05,5222515148.43,,,174.23
45547,2020-01-25,World,,1350.0,453.0,181.0,41.0,15.0,5.571000000000001,,,,,,,,7794798729.0,58.045,30.9,8.696,5.355,15469.207,10.0,233.07,8.51,6.434,34.635,60.13,2.705,72.58,,,,,,,,,,,,,,,,,,,,,,,,,,,,,,,0.03037037037037037,0.017319241290700938,0.0005259917725323989,3.037037037037037,,1.731924129070094e-05,5222515148.43,,,70.3
45548,2020-01-26,World,,2023.0,673.0,257.714,56.0,15.0,7.571000000000001,,,,,,,,7794798729.0,58.045,30.9,8.696,5.355,15469.207,10.0,233.07,8.51,6.434,34.635,60.13,2.705,72.58,,,,,,,,,,,,,,,,,,,,,,,,,,,,,,,0.02768166089965398,0.02595320380080593,0.0007184277868735204,2.768166089965398,,2.595320380080593e-05,5222515148.43,,,48.57
45549,2020-01-27,World,,2820.0,797.0,368.714,81.0,25.0,11.142999999999999,,,,,,,,7794798729.0,58.045,30.9,8.696,5.355,15469.207,10.0,233.07,8.51,6.434,34.635,60.13,2.705,72.58,,,,,,,,,,,,,,,,,,,,,,,,,,,,,,,0.02872340425531915,0.03617797069613085,0.0010391544774420564,2.872340425531915,,3.6177970696130846e-05,5222515148.43,,,18.42
45550,2020-01-28,World,,4587.0,1767.0,599.286,106.0,25.0,14.286,,,,,,,,7794798729.0,58.045,30.9,8.696,5.355,15469.207,10.0,233.07,8.51,6.434,34.635,60.13,2.705,72.58,,,,,,,,,,,,,,,,,,,,,,,,,,,,,,,0.023108785698713757,0.058846933185514975,0.0013598811680105923,2.3108785698713756,,5.884693318551497e-05,5222515148.43,,,121.71
45551,2020-01-29,World,,6067.0,1480.0,790.429,132.0,26.0,16.429000000000002,,,,,,,,7794798729.0,58.045,30.9,8.696,5.355,15469.207,10.0,233.07,8.51,6.434,34.635,60.13,2.705,72.58,,,,,,,,,,,,,,,,,,,,,,,,,,,,,,,0.021757046316136477,0.0778339532671723,0.0016934369262018697,2.1757046316136477,,7.78339532671723e-05,5222515148.43,,,-16.24
45552,2020-01-30,World,,7823.0,1756.0,1027.4289999999999,170.0,38.0,21.857,,,,,,,,7794798729.0,58.045,30.9,8.696,5.355,15469.207,10.0,233.07,8.51,6.434,34.635,60.13,2.705,72.58,,,,,,,,,,,,,,,,,,,,,,,,,,,,,,,0.021730793813115174,0.10036179601270626,0.002180941495866044,2.1730793813115175,,0.00010036179601270625,5222515148.43,,,18.65
45553,2020-01-31,World,,9824.0,2001.0,1275.286,213.0,43.0,26.714000000000002,,,,,,,,7794798729.0,58.045,30.9,8.696,5.355,15469.207,10.0,233.07,8.51,6.434,34.635,60.13,2.705,72.58,,,,,,,,,,,,,,,,,,,,,,,,,,,,,,,0.02168159609120521,0.12603276032581187,0.002732591403643926,2.1681596091205213,,0.00012603276032581187,5222515148.43,,,13.95
45554,2020-02-01,World,,11946.0,2122.0,1513.714,259.0,46.0,31.143,,,,,,,,7794798729.0,58.045,30.9,8.696,5.355,15469.207,10.0,233.07,8.51,6.434,34.635,60.13,2.705,72.58,,,,,,,,,,,,,,,,,,,,,,,,,,,,,,,0.021680897371505106,0.1532560418212692,0.003322728514290032,2.1680897371505106,,0.0001532560418212692,5222515148.43,,,6.05
45555,2020-02-02,World,,14554.0,2608.0,1790.1429999999998,305.0,46.0,35.571,,,,,,,,7794798729.0,58.045,30.9,8.696,5.355,15469.207,10.0,233.07,8.51,6.434,34.635,60.13,2.705,72.58,,,,,,,,,,,,,,,,,,,,,,,,,,,,,,,0.020956438092620586,0.18671425018137885,0.003912865624936138,2.0956438092620586,,0.00018671425018137886,5222515148.43,,,22.9
45556,2020-02-03,World,,17372.0,2818.0,2078.857,362.0,57.0,40.143,,,,,,,,7794798729.0,58.045,30.9,8.696,5.355,15469.207,10.0,233.07,8.51,6.434,34.635,60.13,2.705,72.58,,,,,,,,,,,,,,,,,,,,,,,,,,,,,,,0.02083813032466037,0.2228665627422642,0.0046441224794324,2.083813032466037,,0.00022286656274226422,5222515148.43,,,8.05
45557,2020-02-04,World,,20615.0,3243.0,2289.714,427.0,65.0,45.857,,,,,,,,7794798729.0,58.045,30.9,8.696,5.355,15469.207,10.0,233.07,8.51,6.434,34.635,60.13,2.705,72.58,,,,,,,,,,,,,,,,,,,,,,,,,,,,,,,0.02071307300509338,0.26447122904281467,0.005478011874910593,2.071307300509338,,0.00026447122904281467,5222515148.43,,,15.08
45558,2020-02-05,World,,24523.0,3908.0,2636.571,493.0,66.0,51.571000000000005,,,,,,,,7794798729.0,58.045,30.9,8.696,5.355,15469.207,10.0,233.07,8.51,6.434,34.635,60.13,2.705,72.58,,,,,,,,,,,,,,,,,,,,,,,,,,,,,,,0.020103576234555314,0.31460722531248825,0.006324730338011528,2.0103576234555316,,0.00031460722531248824,5222515148.43,,,20.51
45559,2020-02-06,World,,28274.0,3751.0,2921.571,565.0,72.0,56.428999999999995,,,,,,,,7794798729.0,58.045,30.9,8.696,5.355,15469.207,10.0,233.07,8.51,6.434,34.635,60.13,2.705,72.58,,,,,,,,,,,,,,,,,,,,,,,,,,,,,,,0.019983023272264273,0.3627290579653914,0.0072484232068489125,1.9983023272264273,,0.0003627290579653914,5222515148.43,,,-4.02
45560,2020-02-07,World,,31492.0,3218.0,3095.429,638.0,73.0,60.714,,,,,,,,7794798729.0,58.045,30.9,8.696,5.355,15469.207,10.0,233.07,8.51,6.434,34.635,60.13,2.705,72.58,,,,,,,,,,,,,,,,,,,,,,,,,,,,,,,0.020259113425631907,0.4040129975753733,0.008184945143309037,2.0259113425631905,,0.00040401299757537325,5222515148.43,,,-14.21
45561,2020-02-08,World,,34934.0,3442.0,3284.0,724.0,86.0,66.429,,,,,,,,7794798729.0,58.045,30.9,8.696,5.355,15469.207,10.0,233.07,8.51,6.434,34.635,60.13,2.705,72.58,,,,,,,,,,,,,,,,,,,,,,,,,,,,,,,0.020724795328333427,0.44817064833284936,0.0092882449588648,2.0724795328333427,,0.00044817064833284933,5222515148.43,,,6.96
45562,2020-02-09,World,,37552.0,2618.0,3285.429,813.0,89.0,72.571,,,,,,,,7794798729.0,58.045,30.9,8.696,5.355,15469.207,10.0,233.07,8.51,6.434,34.635,60.13,2.705,72.58,,,,,,,,,,,,,,,,,,,,,,,,,,,,,,,0.021649978696207925,0.48175714736918646,0.010430031977288787,2.1649978696207923,,0.00048175714736918644,5222515148.43,,,-23.94
45563,2020-02-10,World,,40544.0,2992.0,3310.2859999999996,910.0,97.0,78.286,,,,,,,,7794798729.0,58.045,30.9,8.696,5.355,15469.207,10.0,233.07,8.51,6.434,34.635,60.13,2.705,72.58,,,,,,,,,,,,,,,,,,,,,,,,,,,,,,,0.02244475138121547,0.5201417176964288,0.011674451536694707,2.244475138121547,,0.0005201417176964288,5222515148.43,,,14.29
45564,2020-02-11,World,,43106.0,2562.0,3213.0,1018.0,108.0,84.429,,,,,,,,7794798729.0,58.045,30.9,8.696,5.355,15469.207,10.0,233.07,8.51,6.434,34.635,60.13,2.705,72.58,,,,,,,,,,,,,,,,,,,,,,,,,,,,,,,0.023616201920846285,0.5530097889458924,0.013059990839950783,2.3616201920846285,,0.0005530097889458924,5222515148.43,,,-14.37
45565,2020-02-12,World,,45178.0,2072.0,2950.7140000000004,1115.0,97.0,88.85700000000001,,,,,,,,7794798729.0,58.045,30.9,8.696,5.355,15469.207,10.0,233.07,8.51,6.434,34.635,60.13,2.705,72.58,,,,,,,,,,,,,,,,,,,,,,,,,,,,,,,0.02468015405728452,0.5795916170602126,0.014304410399356702,2.468015405728452,,0.0005795916170602126,5222515148.43,,,-19.13
45566,2020-02-13,World,,60329.0,15151.0,4579.286,1370.0,255.0,115.0,,,,,,,,7794798729.0,58.045,30.9,8.696,5.355,15469.207,10.0,233.07,8.51,6.434,34.635,60.13,2.705,72.58,,,,,,,,,,,,,,,,,,,,,,,,,,,,,,,0.022708813340184653,0.7739648206123682,0.01757582264315577,2.2708813340184655,,0.0007739648206123681,5222515148.43,,,631.23
45567,2020-02-14,World,,64544.0,4215.0,4721.714,1383.0,13.0,106.429,,,,,,,,7794798729.0,58.045,30.9,8.696,5.355,15469.207,10.0,233.07,8.51,6.434,34.635,60.13,2.705,72.58,,,,,,,,,,,,,,,,,,,,,,,,,,,,,,,0.021427243430837878,0.8280393406422233,0.017742600522251406,2.142724343083788,,0.0008280393406422232,5222515148.43,,,-72.18
45568,2020-02-15,World,,67104.0,2560.0,4595.714,1527.0,144.0,114.714,,,,,,,,7794798729.0,58.045,30.9,8.696,5.355,15469.207,10.0,233.07,8.51,6.434,34.635,60.13,2.705,72.58,,,,,,,,,,,,,,,,,,,,,,,,,,,,,,,0.022755722460658084,0.8608817537564413,0.019589986259926175,2.2755722460658085,,0.0008608817537564412,5222515148.43,,,-39.26
45569,2020-02-16,World,,69266.0,2162.0,4530.571,1669.0,142.0,122.286,,,,,,,,7794798729.0,58.045,30.9,8.696,5.355,15469.207,10.0,233.07,8.51,6.434,34.635,60.13,2.705,72.58,,,,,,,,,,,,,,,,,,,,,,,,,,,,,,,0.02409551583749603,0.8886181979568083,0.021411713862355457,2.409551583749603,,0.0008886181979568084,5222515148.43,,,-15.55
45570,2020-02-17,World,,71333.0,2067.0,4398.429,1775.0,106.0,123.571,,,,,,,,7794798729.0,58.045,30.9,8.696,5.355,15469.207,10.0,233.07,8.51,6.434,34.635,60.13,2.705,72.58,,,,,,,,,,,,,,,,,,,,,,,,,,,,,,,0.02488329384716751,0.9151358807330149,0.02277159503036605,2.488329384716751,,0.0009151358807330148,5222515148.43,,,-4.39
45571,2020-02-18,World,,73328.0,1995.0,4317.429,1873.0,98.0,122.14299999999999,,,,,,,,7794798729.0,58.045,30.9,8.696,5.355,15469.207,10.0,233.07,8.51,6.434,34.635,60.13,2.705,72.58,,,,,,,,,,,,,,,,,,,,,,,,,,,,,,,0.025542766746672486,0.9407298706403839,0.024028843657394713,2.5542766746672485,,0.000940729870640384,5222515148.43,,,-3.48
45572,2020-02-19,World,,75192.0,1864.0,4287.714,2012.0,139.0,128.143,,,,,,,,7794798729.0,58.045,30.9,8.696,5.355,15469.207,10.0,233.07,8.51,6.434,34.635,60.13,2.705,72.58,,,,,,,,,,,,,,,,,,,,,,,,,,,,,,,0.02675816576231514,0.9646432526891742,0.025812084056955772,2.675816576231514,,0.0009646432526891741,5222515148.43,,,-6.57
45573,2020-02-20,World,,75724.0,532.0,2199.286,2128.0,116.0,108.286,,,,,,,,7794798729.0,58.045,30.9,8.696,5.355,15469.207,10.0,233.07,8.51,6.434,34.635,60.13,2.705,72.58,,,,,,,,,,,,,,,,,,,,,,,,,,,,,,,0.028102054830700968,0.9714683166644725,0.027300255901193775,2.8102054830700967,,0.0009714683166644726,5222515148.43,,,-71.46
45574,2020-02-21,World,,76720.0,996.0,1739.4289999999999,2247.0,119.0,123.429,,,,,,,,7794798729.0,58.045,30.9,8.696,5.355,15469.207,10.0,233.07,8.51,6.434,34.635,60.13,2.705,72.58,,,,,,,,,,,,,,,,,,,,,,,,,,,,,,,0.029288321167883213,0.984246068016723,0.028826914948300007,2.928832116788321,,0.000984246068016723,5222515148.43,,,87.22
45575,2020-02-22,World,,77805.0,1085.0,1528.714,2359.0,112.0,118.85700000000001,,,,,,,,7794798729.0,58.045,30.9,8.696,5.355,15469.207,10.0,233.07,8.51,6.434,34.635,60.13,2.705,72.58,,,,,,,,,,,,,,,,,,,,,,,,,,,,,,,0.030319388214125057,0.9981656063873975,0.03026377052204705,3.031938821412506,,0.0009981656063873974,5222515148.43,,,8.94
45576,2020-02-23,World,,78814.0,1009.0,1364.0,2463.0,104.0,113.429,,,,,,,,7794798729.0,58.045,30.9,8.696,5.355,15469.207,10.0,233.07,8.51,6.434,34.635,60.13,2.705,72.58,,,,,,,,,,,,,,,,,,,,,,,,,,,,,,,0.031250793006318674,1.0111101356187435,0.03159799355481216,3.1250793006318673,,0.0010111101356187436,5222515148.43,,,-7.0
45577,2020-02-24,World,,79337.0,523.0,1143.4289999999999,2619.0,156.0,120.571,,,,,,,,7794798729.0,58.045,30.9,8.696,5.355,15469.207,10.0,233.07,8.51,6.434,34.635,60.13,2.705,72.58,,,,,,,,,,,,,,,,,,,,,,,,,,,,,,,0.03301107931986337,1.0178197379854375,0.033599328103959825,3.301107931986337,,0.0010178197379854374,5222515148.43,,,-48.17
45578,2020-02-25,World,,80130.0,793.0,971.7139999999999,2698.0,79.0,117.85700000000001,,,,,,,,7794798729.0,58.045,30.9,8.696,5.355,15469.207,10.0,233.07,8.51,6.434,34.635,60.13,2.705,72.58,,,,,,,,,,,,,,,,,,,,,,,,,,,,,,,0.0336702857855984,1.0279931886102713,0.0346128244461564,3.36702857855984,,0.0010279931886102713,5222515148.43,,,51.63
45579,2020-02-26,World,,80997.0,867.0,829.2860000000001,2762.0,64.0,107.14299999999999,,,,,,,,7794798729.0,58.045,30.9,8.696,5.355,15469.207,10.0,233.07,8.51,6.434,34.635,60.13,2.705,72.58,,,,,,,,,,,,,,,,,,,,,,,,,,,,,,,0.03410002839611344,1.039115990239188,0.035433884774011846,3.410002839611344,,0.0010391159902391881,5222515148.43,,,9.33
45580,2020-02-27,World,,82110.0,1113.0,912.2860000000001,2800.0,38.0,96.0,,,,,,,,7794798729.0,58.045,30.9,8.696,5.355,15469.207,10.0,233.07,8.51,6.434,34.635,60.13,2.705,72.58,,,,,,,,,,,,,,,,,,,,,,,,,,,,,,,0.03410059676044331,1.0533947425032995,0.03592138934367602,3.410059676044331,,0.0010533947425032993,5222515148.43,,,28.37
45581,2020-02-28,World,,83376.0,1266.0,950.857,2857.0,57.0,87.14299999999999,,,,,,,,7794798729.0,58.045,30.9,8.696,5.355,15469.207,10.0,233.07,8.51,6.434,34.635,60.13,2.705,72.58,,,,,,,,,,,,,,,,,,,,,,,,,,,,,,,0.03426645557474573,1.06963634211369,0.03665264619817228,3.4266455574745733,,0.0010696363421136901,5222515148.43,,,13.75
45582,2020-02-29,World,,85228.0,1852.0,1060.4289999999999,2921.0,64.0,80.286,,,,,,,,7794798729.0,58.045,30.9,8.696,5.355,15469.207,10.0,233.07,8.51,6.434,34.635,60.13,2.705,72.58,,,,,,,,,,,,,,,,,,,,,,,,,,,,,,,0.03427277420566011,1.093395775351007,0.03747370652602774,3.4272774205660115,,0.001093395775351007,5222515148.43,,,46.29
45583,2020-03-01,World,,87059.0,1831.0,1177.857,2979.0,58.0,73.714,,,,,,,,7794798729.0,58.045,30.9,8.696,5.355,15469.207,10.0,233.07,8.51,6.434,34.635,60.13,2.705,72.58,,,,,,,,,,,,,,,,,,,,,,,,,,,,,,,0.03421817388207997,1.1168857981682467,0.038217792448146735,3.4218173882079967,,0.0011168857981682467,5222515148.43,,,-1.13
45584,2020-03-02,World,,89149.0,2090.0,1401.714,3046.0,67.0,61.0,,,,,,,,7794798729.0,58.045,30.9,8.696,5.355,15469.207,10.0,233.07,8.51,6.434,34.635,60.13,2.705,72.58,,,,,,,,,,,,,,,,,,,,,,,,,,,,,,,0.03416751730249358,1.1436985494997762,0.03907733997887041,3.416751730249358,,0.0011436985494997763,5222515148.43,,,14.15
45585,2020-03-03,World,,91001.0,1852.0,1553.0,3118.0,72.0,60.0,,,,,,,,7794798729.0,58.045,30.9,8.696,5.355,15469.207,10.0,233.07,8.51,6.434,34.635,60.13,2.705,72.58,,,,,,,,,,,,,,,,,,,,,,,,,,,,,,,0.034263359743299526,1.1674579827370934,0.0400010328477078,3.4263359743299526,,0.0011674579827370935,5222515148.43,,,-11.39
45586,2020-03-04,World,,93305.0,2304.0,1758.286,3202.0,84.0,62.857,,,,,,,,7794798729.0,58.045,30.9,8.696,5.355,15469.207,10.0,233.07,8.51,6.434,34.635,60.13,2.705,72.58,,,,,,,,,,,,,,,,,,,,,,,,,,,,,,,0.03431756068806602,1.1970161545398896,0.04107867452801808,3.431756068806602,,0.0011970161545398897,5222515148.43,,,24.41
45587,2020-03-05,World,,95642.0,2337.0,1933.1429999999998,3282.0,80.0,68.857,,,,,,,,7794798729.0,58.045,30.9,8.696,5.355,15469.207,10.0,233.07,8.51,6.434,34.635,60.13,2.705,72.58,,,,,,,,,,,,,,,,,,,,,,,,,,,,,,,0.0343154680997888,1.2269976855742364,0.042104999937837395,3.4315468099788795,,0.0012269976855742363,5222515148.43,,,1.43
45588,2020-03-06,World,,98705.0,3063.0,2189.857,3384.0,102.0,75.286,,,,,,,,7794798729.0,58.045,30.9,8.696,5.355,15469.207,10.0,233.07,8.51,6.434,34.635,60.13,2.705,72.58,,,,,,,,,,,,,,,,,,,,,,,,,,,,,,,0.034283977508738156,1.2662931197026934,0.04341356483535702,3.4283977508738155,,0.0012662931197026934,5222515148.43,,,31.07
45589,2020-03-07,World,,102791.0,4086.0,2509.0,3488.0,104.0,81.0,,,,,,,,7794798729.0,58.045,30.9,8.696,5.355,15469.207,10.0,233.07,8.51,6.434,34.635,60.13,2.705,72.58,,,,,,,,,,,,,,,,,,,,,,,,,,,,,,,0.03393293187146735,1.318712690009215,0.04474778786812213,3.393293187146735,,0.001318712690009215,5222515148.43,,,33.4
45590,2020-03-08,World,,106794.0,4003.0,2819.2859999999996,3585.0,97.0,86.571,,,,,,,,7794798729.0,58.045,30.9,8.696,5.355,15469.207,10.0,233.07,8.51,6.434,34.635,60.13,2.705,72.58,,,,,,,,,,,,,,,,,,,,,,,,,,,,,,,0.0335693016461599,1.370067447703049,0.04599220742752805,3.35693016461599,,0.001370067447703049,5222515148.43,,,-2.03
45591,2020-03-09,World,,110958.0,4164.0,3115.571,3813.0,228.0,109.571,,,,,,,,7794798729.0,58.045,30.9,8.696,5.355,15469.207,10.0,233.07,8.51,6.434,34.635,60.13,2.705,72.58,,,,,,,,,,,,,,,,,,,,,,,,,,,,,,,0.03436435407992213,1.4234876852841443,0.0489172348455131,3.4364354079922133,,0.0014234876852841443,5222515148.43,,,4.02
45592,2020-03-10,World,,115719.0,4761.0,3531.143,4021.0,208.0,129.0,,,,,,,,7794798729.0,58.045,30.9,8.696,5.355,15469.207,10.0,233.07,8.51,6.434,34.635,60.13,2.705,72.58,,,,,,,,,,,,,,,,,,,,,,,,,,,,,,,0.0347479670581322,1.4845668762360162,0.05158568091104331,3.47479670581322,,0.0014845668762360164,5222515148.43,,,14.34
45593,2020-03-11,World,,120829.0,5110.0,3932.0,4294.0,273.0,156.0,,,,,,,,7794798729.0,58.045,30.9,8.696,5.355,15469.207,10.0,233.07,8.51,6.434,34.635,60.13,2.705,72.58,,,,,,,,,,,,,,,,,,,,,,,,,,,,,,,0.03553782618411143,1.550123411788225,0.055088016372051726,3.5537826184111427,,0.0015501234117882249,5222515148.43,,,7.33
45594,2020-03-12,World,,128629.0,7800.0,4712.429,4625.0,331.0,191.857,,,,,,,,7794798729.0,58.045,30.9,8.696,5.355,15469.207,10.0,233.07,8.51,6.434,34.635,60.13,2.705,72.58,,,,,,,,,,,,,,,,,,,,,,,,,,,,,,,0.035956121869873826,1.6501901392456082,0.05933443775517914,3.5956121869873825,,0.0016501901392456083,5222515148.43,,,52.64
45595,2020-03-13,World,,138125.0,9496.0,5631.429,4975.0,350.0,227.28599999999997,,,,,,,,7794798729.0,58.045,30.9,8.696,5.355,15469.207,10.0,233.07,8.51,6.434,34.635,60.13,2.705,72.58,,,,,,,,,,,,,,,,,,,,,,,,,,,,,,,0.03601809954751131,1.7720149653911608,0.06382461142313865,3.6018099547511313,,0.0017720149653911608,5222515148.43,,,21.74
45596,2020-03-14,World,,148528.0,10403.0,6533.857,5417.0,442.0,275.57099999999997,,,,,,,,7794798729.0,58.045,30.9,8.696,5.355,15469.207,10.0,233.07,8.51,6.434,34.635,60.13,2.705,72.58,,,,,,,,,,,,,,,,,,,,,,,,,,,,,,,0.03647123774641818,1.90547575587054,0.06949505931239036,3.647123774641818,,0.00190547575587054,5222515148.43,,,9.55
45597,2020-03-15,World,,160774.0,12246.0,7711.429,5784.0,367.0,314.143,,,,,,,,7794798729.0,58.045,30.9,8.696,5.355,15469.207,10.0,233.07,8.51,6.434,34.635,60.13,2.705,72.58,,,,,,,,,,,,,,,,,,,,,,,,,,,,,,,0.035975966263201764,2.0625805179786316,0.07420332712993646,3.5975966263201764,,0.002062580517978632,5222515148.43,,,17.72
45598,2020-03-16,World,,173231.0,12457.0,8896.143,6534.0,750.0,388.714,,,,,,,,7794798729.0,58.045,30.9,8.696,5.355,15469.207,10.0,233.07,8.51,6.434,34.635,60.13,2.705,72.58,,,,,,,,,,,,,,,,,,,,,,,,,,,,,,,0.0377184222223505,2.2223922133551217,0.08382512784699254,3.7718422222350503,,0.0022223922133551214,5222515148.43,,,1.72
45599,2020-03-17,World,,187418.0,14187.0,10242.714,7140.0,606.0,445.57099999999997,,,,,,,,7794798729.0,58.045,30.9,8.696,5.355,15469.207,10.0,233.07,8.51,6.434,34.635,60.13,2.705,72.58,,,,,,,,,,,,,,,,,,,,,,,,,,,,,,,0.038096660939717635,2.4043981957189544,0.09159954282637385,3.8096660939717633,,0.0024043981957189544,5222515148.43,,,13.89
45600,2020-03-18,World,,204388.0,16970.0,11937.0,7952.0,812.0,522.571,,,,,,,,7794798729.0,58.045,30.9,8.696,5.355,15469.207,10.0,233.07,8.51,6.434,34.635,60.13,2.705,72.58,,,,,,,,,,,,,,,,,,,,,,,,,,,,,,,0.03890639372174492,2.6221074732768765,0.1020167457360399,3.890639372174492,,0.0026221074732768767,5222515148.43,,,19.62
45601,2020-03-19,World,,224576.0,20188.0,13706.714,8910.0,958.0,612.143,,,,,,,,7794798729.0,58.045,30.9,8.696,5.355,15469.207,10.0,233.07,8.51,6.434,34.635,60.13,2.705,72.58,,,,,,,,,,,,,,,,,,,,,,,,,,,,,,,0.039674764890282134,2.881100690444781,0.1143069925186262,3.9674764890282135,,0.002881100690444781,5222515148.43,,,18.96
45602,2020-03-20,World,,255672.0,31096.0,16792.429,9984.0,1074.0,715.571,,,,,,,,7794798729.0,58.045,30.9,8.696,5.355,15469.207,10.0,233.07,8.51,6.434,34.635,60.13,2.705,72.58,,,,,,,,,,,,,,,,,,,,,,,,,,,,,,,0.03905003285459495,3.2800333772415486,0.1280854111454505,3.905003285459495,,0.0032800333772415487,5222515148.43,,,54.03
45603,2020-03-21,World,,287544.0,31872.0,19859.429,11369.0,1385.0,850.2860000000001,,,,,,,,7794798729.0,58.045,30.9,8.696,5.355,15469.207,10.0,233.07,8.51,6.434,34.635,60.13,2.705,72.58,,,,,,,,,,,,,,,,,,,,,,,,,,,,,,,0.03953829674762819,3.6889214205135636,0.14585366980294737,3.9538296747628188,,0.0036889214205135636,5222515148.43,,,2.5
45604,2020-03-22,World,,321795.0,34251.0,23003.0,13086.0,1717.0,1043.143,,,,,,,,7794798729.0,58.045,30.9,8.696,5.355,15469.207,10.0,233.07,8.51,6.434,34.635,60.13,2.705,72.58,,,,,,,,,,,,,,,,,,,,,,,,,,,,,,,0.04066564116906726,4.128329815660081,0.16788117891119442,4.066564116906727,,0.00412832981566008,5222515148.43,,,7.46
45605,2020-03-23,World,,356099.0,34304.0,26124.0,14774.0,1688.0,1177.143,,,,,,,,7794798729.0,58.045,30.9,8.696,5.355,15469.207,10.0,233.07,8.51,6.434,34.635,60.13,2.705,72.58,,,,,,,,,,,,,,,,,,,,,,,,,,,,,,,0.04148846247813108,4.568418151390603,0.18953664505838197,4.148846247813108,,0.004568418151390603,5222515148.43,,,0.15
45606,2020-03-24,World,,400521.0,44422.0,30443.286,16628.0,1854.0,1355.4289999999999,,,,,,,,7794798729.0,58.045,30.9,8.696,5.355,15469.207,10.0,233.07,8.51,6.434,34.635,60.13,2.705,72.58,,,,,,,,,,,,,,,,,,,,,,,,,,,,,,,0.041515925507027096,5.138310993328023,0.21332173643094463,4.151592550702709,,0.005138310993328023,5222515148.43,,,29.5
45607,2020-03-25,World,,442859.0,42338.0,34067.286,18933.0,2305.0,1568.714,,,,,,,,7794798729.0,58.045,30.9,8.696,5.355,15469.207,10.0,233.07,8.51,6.434,34.635,60.13,2.705,72.58,,,,,,,,,,,,,,,,,,,,,,,,,,,,,,,0.0427517562023127,5.68146805833965,0.24289273730136363,4.275175620231271,,0.00568146805833965,5222515148.43,,,-4.69
45608,2020-03-26,World,,496525.0,53666.0,38849.857,21577.0,2644.0,1809.5710000000001,,,,,,,,7794798729.0,58.045,30.9,8.696,5.355,15469.207,10.0,233.07,8.51,6.434,34.635,60.13,2.705,72.58,,,,,,,,,,,,,,,,,,,,,,,,,,,,,,,0.043456019334373895,6.369952801381691,0.276812792095892,4.34560193343739,,0.006369952801381692,5222515148.43,,,26.76
45609,2020-03-27,World,,557569.0,61044.0,43128.143,24382.0,2805.0,2056.857,,,,,,,,7794798729.0,58.045,30.9,8.696,5.355,15469.207,10.0,233.07,8.51,6.434,34.635,60.13,2.705,72.58,,,,,,,,,,,,,,,,,,,,,,,,,,,,,,,0.04372911693440632,7.1530904053443205,0.3127983267776817,4.372911693440632,,0.007153090405344321,5222515148.43,,,13.75
45610,2020-03-28,World,,622584.0,65015.0,47862.857,27873.0,3491.0,2357.714,,,,,,,,7794798729.0,58.045,30.9,8.696,5.355,15469.207,10.0,233.07,8.51,6.434,34.635,60.13,2.705,72.58,,,,,,,,,,,,,,,,,,,,,,,,,,,,,,,0.04476986238001619,7.987172236836854,0.357584601848672,4.476986238001619,,0.007987172236836855,5222515148.43,,,6.51
45611,2020-03-29,World,,685463.0,62879.0,51952.570999999996,31460.0,3587.0,2624.857,,,,,,,,7794798729.0,58.045,30.9,8.696,5.355,15469.207,10.0,233.07,8.51,6.434,34.635,60.13,2.705,72.58,,,,,,,,,,,,,,,,,,,,,,,,,,,,,,,0.04589598563306845,8.793851179887213,0.40360246741144556,4.589598563306845,,0.008793851179887213,5222515148.43,,,-3.29
45612,2020-03-30,World,,742846.0,57383.0,55249.570999999996,34688.0,3228.0,2844.857,,,,,,,,7794798729.0,58.045,30.9,8.696,5.355,15469.207,10.0,233.07,8.51,6.434,34.635,60.13,2.705,72.58,,,,,,,,,,,,,,,,,,,,,,,,,,,,,,,0.046696085056660466,9.530021567282985,0.44501469769765495,4.669608505666047,,0.009530021567282986,5222515148.43,,,-8.74
45613,2020-03-31,World,,807198.0,64352.0,58096.71400000001,38674.0,3986.0,3149.429,,,,,,,,7794798729.0,58.045,30.9,8.696,5.355,15469.207,10.0,233.07,8.51,6.434,34.635,60.13,2.705,72.58,,,,,,,,,,,,,,,,,,,,,,,,,,,,,,,0.04791141702531473,10.355597726941642,0.49615136124190234,4.791141702531473,,0.010355597726941643,5222515148.43,,,12.14
45614,2020-04-01,World,,881813.0,74615.0,62707.71400000001,43348.0,4674.0,3487.857,,,,,,,,7794798729.0,58.045,30.9,8.696,5.355,15469.207,10.0,233.07,8.51,6.434,34.635,60.13,2.705,72.58,,,,,,,,,,,,,,,,,,,,,,,,,,,,,,,0.049157814638704576,11.312838607612495,0.5561144233105958,4.915781463870458,,0.011312838607612494,5222515148.43,,,15.95
45615,2020-04-02,World,,959275.0,77462.0,66107.143,48358.0,5010.0,3825.857,,,,,,,,7794798729.0,58.045,30.9,8.696,5.355,15469.207,10.0,233.07,8.51,6.434,34.635,60.13,2.705,72.58,,,,,,,,,,,,,,,,,,,,,,,,,,,,,,,0.050410987464491415,12.306603843805291,0.6203880521005304,5.0410987464491415,,0.012306603843805292,5222515148.43,,,3.82
45616,2020-04-03,World,,1036665.0,77390.0,68442.286,53367.0,5009.0,4140.714,,,,,,,,7794798729.0,58.045,30.9,8.696,5.355,15469.207,10.0,233.07,8.51,6.434,34.635,60.13,2.705,72.58,,,,,,,,,,,,,,,,,,,,,,,,,,,,,,,0.05147950398634082,13.299445387129252,0.6846488518228422,5.147950398634082,,0.01329944538712925,5222515148.43,,,-0.09
45617,2020-04-04,World,,1118448.0,81783.0,70837.714,60143.0,6776.0,4610.0,,,,,,,,7794798729.0,58.045,30.9,8.696,5.355,15469.207,10.0,233.07,8.51,6.434,34.635,60.13,2.705,72.58,,,,,,,,,,,,,,,,,,,,,,,,,,,,,,,0.05377362201908359,14.348645024519913,0.7715786140345382,5.377362201908359,,0.014348645024519912,5222515148.43,,,5.68
45618,2020-04-05,World,,1203935.0,85487.0,74067.429,66451.0,6308.0,4998.714,,,,,,,,7794798729.0,58.045,30.9,8.696,5.355,15469.207,10.0,233.07,8.51,6.434,34.635,60.13,2.705,72.58,,,,,,,,,,,,,,,,,,,,,,,,,,,,,,,0.05519484025300369,15.445363528385212,0.8525043725987912,5.519484025300369,,0.01544536352838521,5222515148.43,,,4.53
45619,2020-04-06,World,,1270228.0,66293.0,75340.286,71207.0,4756.0,5217.0,,,,,,,,7794798729.0,58.045,30.9,8.696,5.355,15469.207,10.0,233.07,8.51,6.434,34.635,60.13,2.705,72.58,,,,,,,,,,,,,,,,,,,,,,,,,,,,,,,0.056058439902127805,16.29584090829961,0.9135194182125494,5.60584399021278,,0.016295840908299608,5222515148.43,,,-22.45
45620,2020-04-07,World,,1343167.0,72939.0,76567.0,76547.0,5340.0,5410.429,,,,,,,,7794798729.0,58.045,30.9,8.696,5.355,15469.207,10.0,233.07,8.51,6.434,34.635,60.13,2.705,72.58,,,,,,,,,,,,,,,,,,,,,,,,,,,,,,,0.05698993498202383,17.231580271634748,0.9820266393179887,5.698993498202383,,0.017231580271634746,5222515148.43,,,10.03
45621,2020-04-08,World,,1420085.0,76918.0,76896.0,84129.0,7582.0,5825.857,,,,,,,,7794798729.0,58.045,30.9,8.696,5.355,15469.207,10.0,233.07,8.51,6.434,34.635,60.13,2.705,72.58,,,,,,,,,,,,,,,,,,,,,,,,,,,,,,,0.059242228458155674,18.218366495040772,1.0792966300336144,5.924222845815567,,0.018218366495040775,5222515148.43,,,5.46
45622,2020-04-09,World,,1505089.0,85004.0,77973.429,90668.0,6539.0,6044.286,,,,,,,,7794798729.0,58.045,30.9,8.696,5.355,15469.207,10.0,233.07,8.51,6.434,34.635,60.13,2.705,72.58,,,,,,,,,,,,,,,,,,,,,,,,,,,,,,,0.06024095585045137,19.308888559244288,1.1631859032187206,6.024095585045137,,0.019308888559244286,5222515148.43,,,10.51
45623,2020-04-10,World,,1592362.0,87273.0,79385.286,98121.0,7453.0,6393.429,,,,,,,,7794798729.0,58.045,30.9,8.696,5.355,15469.207,10.0,233.07,8.51,6.434,34.635,60.13,2.705,72.58,,,,,,,,,,,,,,,,,,,,,,,,,,,,,,,0.06161978243640579,20.4285197778838,1.2588009442110124,6.161978243640579,,0.020428519777883798,5222515148.43,,,2.67
45624,2020-04-11,World,,1682065.0,89703.0,80516.714,105133.0,7012.0,6427.143,,,,,,,,7794798729.0,58.045,30.9,8.696,5.355,15469.207,10.0,233.07,8.51,6.434,34.635,60.13,2.705,72.58,,,,,,,,,,,,,,,,,,,,,,,,,,,,,,,0.06250234087267734,21.579325630846572,1.3487583663816753,6.250234087267733,,0.021579325630846573,5222515148.43,,,2.78
45625,2020-04-12,World,,1757438.0,75373.0,79071.857,111185.0,6052.0,6390.571,,,,,,,,7794798729.0,58.045,30.9,8.696,5.355,15469.207,10.0,233.07,8.51,6.434,34.635,60.13,2.705,72.58,,,,,,,,,,,,,,,,,,,,,,,,,,,,,,,0.06326538973209865,22.546290944775464,1.4263998836345066,6.326538973209865,,0.022546290944775466,5222515148.43,,,-15.97
45626,2020-04-13,World,,1825897.0,68459.0,79381.286,116526.0,5341.0,6474.143,,,,,,,,7794798729.0,58.045,30.9,8.696,5.355,15469.207,10.0,233.07,8.51,6.434,34.635,60.13,2.705,72.58,,,,,,,,,,,,,,,,,,,,,,,,,,,,,,,0.06381849578590687,23.42455608516072,1.4949199338075685,6.381849578590687,,0.02342455608516072,5222515148.43,,,-9.17
45627,2020-04-14,World,,1890644.0,64747.0,78211.0,121929.0,5403.0,6483.143,,,,,,,,7794798729.0,58.045,30.9,8.696,5.355,15469.207,10.0,233.07,8.51,6.434,34.635,60.13,2.705,72.58,,,,,,,,,,,,,,,,,,,,,,,,,,,,,,,0.06449072379570137,24.25519972653036,1.5642353861732408,6.449072379570136,,0.02425519972653036,5222515148.43,,,-5.42
45628,2020-04-15,World,,1967098.0,76454.0,78144.714,129541.0,7612.0,6487.429,,,,,,,,7794798729.0,58.045,30.9,8.696,5.355,15469.207,10.0,233.07,8.51,6.434,34.635,60.13,2.705,72.58,,,,,,,,,,,,,,,,,,,,,,,,,,,,,,,0.06585386188181779,25.236033262559435,1.6618902489175482,6.585386188181778,,0.025236033262559437,5222515148.43,,,18.08
45629,2020-04-16,World,,2045321.0,78223.0,77176.0,140008.0,10467.0,7048.571,,,,,,,,7794798729.0,58.045,30.9,8.696,5.355,15469.207,10.0,233.07,8.51,6.434,34.635,60.13,2.705,72.58,,,,,,,,,,,,,,,,,,,,,,,,,,,,,,,0.06845282476442573,26.239561419213135,1.796172099724783,6.845282476442573,,0.026239561419213134,5222515148.43,,,2.31
45630,2020-04-17,World,,2129243.0,83922.0,76697.286,148539.0,8531.0,7202.571,,,,,,,,7794798729.0,58.045,30.9,8.696,5.355,15469.207,10.0,233.07,8.51,6.434,34.635,60.13,2.705,72.58,,,,,,,,,,,,,,,,,,,,,,,,,,,,,,,0.06976141285893625,27.316202432248843,1.90561687561439,6.976141285893625,,0.027316202432248846,5222515148.43,,,7.29
45631,2020-04-18,World,,2210957.0,81714.0,75556.0,157030.0,8491.0,7413.857,,,,,,,,7794798729.0,58.045,30.9,8.696,5.355,15469.207,10.0,233.07,8.51,6.434,34.635,60.13,2.705,72.58,,,,,,,,,,,,,,,,,,,,,,,,,,,,,,,0.0710235431987144,28.364516863973538,2.014548488799088,7.10235431987144,,0.028364516863973538,5222515148.43,,,-2.63
45632,2020-04-19,World,,2290676.0,79719.0,76176.857,163399.0,6369.0,7459.143,,,,,,,,7794798729.0,58.045,30.9,8.696,5.355,15469.207,10.0,233.07,8.51,6.434,34.635,60.13,2.705,72.58,,,,,,,,,,,,,,,,,,,,,,,,,,,,,,,0.07133221808758637,29.387237305790862,2.0962568204883283,7.133221808758637,,0.02938723730579086,5222515148.43,,,-2.44
45633,2020-04-20,World,,2361382.0,70706.0,76497.857,168386.0,4987.0,7408.571,,,,,,,,7794798729.0,58.045,30.9,8.696,5.355,15469.207,10.0,233.07,8.51,6.434,34.635,60.13,2.705,72.58,,,,,,,,,,,,,,,,,,,,,,,,,,,,,,,0.07130824237670991,30.294329361124415,2.1602353807229395,7.130824237670991,,0.030294329361124417,5222515148.43,,,-11.31
45634,2020-04-21,World,,2435044.0,73662.0,77771.429,173839.0,5453.0,7415.714,,,,,,,,7794798729.0,58.045,30.9,8.696,5.355,15469.207,10.0,233.07,8.51,6.434,34.635,60.13,2.705,72.58,,,,,,,,,,,,,,,,,,,,,,,,,,,,,,,0.07139049643456134,31.2393441403508,2.2301922864697485,7.139049643456135,,0.0312393441403508,5222515148.43,,,4.18
45635,2020-04-22,World,,2521463.0,86419.0,79195.0,181104.0,7265.0,7366.143,,,,,,,,7794798729.0,58.045,30.9,8.696,5.355,15469.207,10.0,233.07,8.51,6.434,34.635,60.13,2.705,72.58,,,,,,,,,,,,,,,,,,,,,,,,,,,,,,,0.07182496828230277,32.34801933524049,2.323395462748965,7.182496828230277,,0.03234801933524049,5222515148.43,,,17.32
45636,2020-04-23,World,,2587792.0,66329.0,77495.857,187024.0,5920.0,6716.571,,,,,,,,7794798729.0,58.045,30.9,8.696,5.355,15469.207,10.0,233.07,8.51,6.434,34.635,60.13,2.705,72.58,,,,,,,,,,,,,,,,,,,,,,,,,,,,,,,0.07227165089002516,33.19895856158931,2.3993435430755943,7.227165089002516,,0.033198958561589303,5222515148.43,,,-23.25
45637,2020-04-24,World,,2666241.0,78449.0,76714.0,194350.0,7326.0,6544.429,,,,,,,,7794798729.0,58.045,30.9,8.696,5.355,15469.207,10.0,233.07,8.51,6.434,34.635,60.13,2.705,72.58,,,,,,,,,,,,,,,,,,,,,,,,,,,,,,,0.07289288552685222,34.20538608752575,2.493329292479798,7.289288552685222,,0.034205386087525755,5222515148.43,,,18.27
45638,2020-04-25,World,,2739011.0,72770.0,75436.286,199706.0,5356.0,6096.571,,,,,,,,7794798729.0,58.045,30.9,8.696,5.355,15469.207,10.0,233.07,8.51,6.434,34.635,60.13,2.705,72.58,,,,,,,,,,,,,,,,,,,,,,,,,,,,,,,0.07291171886494797,35.13895733843264,2.562041778667201,7.291171886494798,,0.03513895733843264,5222515148.43,,,-7.24
45639,2020-04-26,World,,2839100.0,100089.0,78346.286,205882.0,6176.0,6069.0,,,,,,,,7794798729.0,58.045,30.9,8.696,5.355,15469.207,10.0,233.07,8.51,6.434,34.635,60.13,2.705,72.58,,,,,,,,,,,,,,,,,,,,,,,,,,,,,,,0.07251664259800641,36.42300588772522,2.6412741003052527,7.251664259800641,,0.036423005887725214,5222515148.43,,,37.54
45640,2020-04-27,World,,2920950.0,81850.0,79938.286,209794.0,3912.0,5915.429,,,,,,,,7794798729.0,58.045,30.9,8.696,5.355,15469.207,10.0,233.07,8.51,6.434,34.635,60.13,2.705,72.58,,,,,,,,,,,,,,,,,,,,,,,,,,,,,,,0.07182389291155275,37.4730650726466,2.691461412845417,7.182389291155275,,0.0374730650726466,5222515148.43,,,-18.22
45641,2020-04-28,World,,2986507.0,65557.0,78780.429,214694.0,4900.0,5836.429,,,,,,,,7794798729.0,58.045,30.9,8.696,5.355,15469.207,10.0,233.07,8.51,6.434,34.635,60.13,2.705,72.58,,,,,,,,,,,,,,,,,,,,,,,,,,,,,,,0.07188799490508477,38.31410025879066,2.7543238441968496,7.188799490508477,,0.03831410025879066,5222515148.43,,,-19.91
45642,2020-04-29,World,,3058582.0,72075.0,76731.286,221250.0,6556.0,5735.143,,,,,,,,7794798729.0,58.045,30.9,8.696,5.355,15469.207,10.0,233.07,8.51,6.434,34.635,60.13,2.705,72.58,,,,,,,,,,,,,,,,,,,,,,,,,,,,,,,0.0723374426449904,39.23875530769975,2.838431211531543,7.233744264499039,,0.03923875530769975,5222515148.43,,,9.94
45643,2020-04-30,World,,3137327.0,78745.0,78505.0,227811.0,6561.0,5826.714,,,,,,,,7794798729.0,58.045,30.9,8.696,5.355,15469.207,10.0,233.07,8.51,6.434,34.635,60.13,2.705,72.58,,,,,,,,,,,,,,,,,,,,,,,,,,,,,,,0.07261308751048265,40.24898023765252,2.9226027242043493,7.261308751048265,,0.04024898023765252,5222515148.43,,,9.25
45644,2020-05-01,World,,3222824.0,85497.0,79511.857,233467.0,5656.0,5588.143,,,,,,,,7794798729.0,58.045,30.9,8.696,5.355,15469.207,10.0,233.07,8.51,6.434,34.635,60.13,2.705,72.58,,,,,,,,,,,,,,,,,,,,,,,,,,,,,,,0.0724417467413672,41.345827032194045,2.995163930678575,7.244174674136721,,0.04134582703219405,5222515148.43,,,8.57
45645,2020-05-02,World,,3311594.0,88770.0,81797.571,239044.0,5577.0,5619.714,,,,,,,,7794798729.0,58.045,30.9,8.696,5.355,15469.207,10.0,233.07,8.51,6.434,34.635,60.13,2.705,72.58,,,,,,,,,,,,,,,,,,,,,,,,,,,,,,,0.07218396941170929,42.484663365064804,3.066711640810604,7.218396941170929,,0.042484663365064804,5222515148.43,,,3.83
45646,2020-05-03,World,,3392455.0,80861.0,79050.714,243857.0,4813.0,5425.0,,,,,,,,7794798729.0,58.045,30.9,8.696,5.355,15469.207,10.0,233.07,8.51,6.434,34.635,60.13,2.705,72.58,,,,,,,,,,,,,,,,,,,,,,,,,,,,,,,0.07188216203309993,43.522034602107304,3.128457943278858,7.188216203309993,,0.0435220346021073,5222515148.43,,,-8.91
45647,2020-05-04,World,,3469658.0,77203.0,78386.857,247561.0,3704.0,5395.286,,,,,,,,7794798729.0,58.045,30.9,8.696,5.355,15469.207,10.0,233.07,8.51,6.434,34.635,60.13,2.705,72.58,,,,,,,,,,,,,,,,,,,,,,,,,,,,,,,0.07135025988152147,44.512477109785806,3.175976809753493,7.1350259881521465,,0.04451247710978581,5222515148.43,,,-4.52
45648,2020-05-05,World,,3545978.0,76320.0,79924.429,251538.0,3977.0,5263.429,,,,,,,,7794798729.0,58.045,30.9,8.696,5.355,15469.207,10.0,233.07,8.51,6.434,34.635,60.13,2.705,72.58,,,,,,,,,,,,,,,,,,,,,,,,,,,,,,,0.07093614229981123,45.491591550753434,3.2269980116891355,7.093614229981123,,0.045491591550753434,5222515148.43,,,-1.14
45649,2020-05-06,World,,3624481.0,78503.0,80842.714,257507.0,5969.0,5179.571,,,,,,,,7794798729.0,58.045,30.9,8.696,5.355,15469.207,10.0,233.07,8.51,6.434,34.635,60.13,2.705,72.58,,,,,,,,,,,,,,,,,,,,,,,,,,,,,,,0.07104658570427048,46.49871184634151,3.303574716329279,7.104658570427048,,0.04649871184634151,5222515148.43,,,2.86
45650,2020-05-07,World,,3711950.0,87469.0,82089.0,263630.0,6123.0,5117.0,,,,,,,,7794798729.0,58.045,30.9,8.696,5.355,15469.207,10.0,233.07,8.51,6.434,34.635,60.13,2.705,72.58,,,,,,,,,,,,,,,,,,,,,,,,,,,,,,,0.07102196958471962,47.62085756223508,3.382127097383325,7.102196958471962,,0.04762085756223508,5222515148.43,,,11.42
45651,2020-05-08,World,,3804335.0,92385.0,83073.0,269265.0,5635.0,5114.0,,,,,,,,7794798729.0,58.045,30.9,8.696,5.355,15469.207,10.0,233.07,8.51,6.434,34.635,60.13,2.705,72.58,,,,,,,,,,,,,,,,,,,,,,,,,,,,,,,0.07077846719597512,48.80607097456204,3.454418893437473,7.077846719597512,,0.04880607097456204,5222515148.43,,,5.62
45652,2020-05-09,World,,3893630.0,89295.0,83148.0,274397.0,5132.0,5050.429,,,,,,,,7794798729.0,58.045,30.9,8.696,5.355,15469.207,10.0,233.07,8.51,6.434,34.635,60.13,2.705,72.58,,,,,,,,,,,,,,,,,,,,,,,,,,,,,,,0.07047331153704897,49.95164256793474,3.520257668477382,7.0473311537048975,,0.049951642567934745,5222515148.43,,,-3.34
45653,2020-05-10,World,,3982664.0,89034.0,84315.571,278795.0,4398.0,4991.143,,,,,,,,7794798729.0,58.045,30.9,8.696,5.355,15469.207,10.0,233.07,8.51,6.434,34.635,60.13,2.705,72.58,,,,,,,,,,,,,,,,,,,,,,,,,,,,,,,0.07000213927160313,51.09386577465791,3.5766799078821987,7.000213927160313,,0.0510938657746579,5222515148.43,,,-0.29
45654,2020-05-11,World,,4057588.0,74924.0,83990.0,282217.0,3422.0,4950.857,,,,,,,,7794798729.0,58.045,30.9,8.696,5.355,15469.207,10.0,233.07,8.51,6.434,34.635,60.13,2.705,72.58,,,,,,,,,,,,,,,,,,,,,,,,,,,,,,,0.06955289694271573,52.05507083722418,3.62058097728722,6.955289694271573,,0.052055070837224174,5222515148.43,,,-15.85
45655,2020-05-12,World,,4127146.0,69558.0,83024.0,285816.0,3599.0,4896.857,,,,,,,,7794798729.0,58.045,30.9,8.696,5.355,15469.207,10.0,233.07,8.51,6.434,34.635,60.13,2.705,72.58,,,,,,,,,,,,,,,,,,,,,,,,,,,,,,,0.0692526990806722,52.94743512292683,3.6667527916614664,6.925269908067221,,0.05294743512292683,5222515148.43,,,-7.16
45656,2020-05-13,World,,4213060.0,85914.0,84082.714,291576.0,5760.0,4867.0,,,,,,,,7794798729.0,58.045,30.9,8.696,5.355,15469.207,10.0,233.07,8.51,6.434,34.635,60.13,2.705,72.58,,,,,,,,,,,,,,,,,,,,,,,,,,,,,,,0.06920765429402857,54.04963163866704,3.740648221168457,6.9207654294028575,,0.05404963163866704,5222515148.43,,,23.51
45657,2020-05-14,World,,4299373.0,86313.0,83917.571,296605.0,5029.0,4710.714,,,,,,,,7794798729.0,58.045,30.9,8.696,5.355,15469.207,10.0,233.07,8.51,6.434,34.635,60.13,2.705,72.58,,,,,,,,,,,,,,,,,,,,,,,,,,,,,,,0.06898796638486589,55.156946952388715,3.805165602243224,6.898796638486589,,0.055156946952388715,5222515148.43,,,0.46
45658,2020-05-15,World,,4395957.0,96584.0,84517.429,301865.0,5260.0,4657.143,,,,,,,,7794798729.0,58.045,30.9,8.696,5.355,15469.207,10.0,233.07,8.51,6.434,34.635,60.13,2.705,72.58,,,,,,,,,,,,,,,,,,,,,,,,,,,,,,,0.06866877906221558,56.39602961966357,3.8726464979388435,6.866877906221558,,0.05639602961966358,5222515148.43,,,11.9
45659,2020-05-16,World,,4493145.0,97188.0,85645.0,306912.0,5047.0,4645.0,,,,,,,,7794798729.0,58.045,30.9,8.696,5.355,15469.207,10.0,233.07,8.51,6.434,34.635,60.13,2.705,72.58,,,,,,,,,,,,,,,,,,,,,,,,,,,,,,,0.06830672057100316,57.642861043782574,3.9373948022308194,6.830672057100316,,0.05764286104378258,5222515148.43,,,0.63
45660,2020-05-17,World,,4586410.0,93265.0,86249.429,311146.0,4234.0,4621.571,,,,,,,,7794798729.0,58.045,30.9,8.696,5.355,15469.207,10.0,233.07,8.51,6.434,34.635,60.13,2.705,72.58,,,,,,,,,,,,,,,,,,,,,,,,,,,,,,,0.06784086028069884,58.83936403561755,3.991713074545507,6.7840860280698845,,0.05883936403561755,5222515148.43,,,-4.04
45661,2020-05-18,World,,4666012.0,79602.0,86917.714,314040.0,2894.0,4546.143,,,,,,,,7794798729.0,58.045,30.9,8.696,5.355,15469.207,10.0,233.07,8.51,6.434,34.635,60.13,2.705,72.58,,,,,,,,,,,,,,,,,,,,,,,,,,,,,,,0.06730372746576734,59.86058347652301,4.02884039624572,6.730372746576734,,0.05986058347652301,5222515148.43,,,-14.65
45662,2020-05-19,World,,4752208.0,86196.0,89294.571,317332.0,3292.0,4502.286,,,,,,,,7794798729.0,58.045,30.9,8.696,5.355,15469.207,10.0,233.07,8.51,6.434,34.635,60.13,2.705,72.58,,,,,,,,,,,,,,,,,,,,,,,,,,,,,,,0.06677569668667702,60.96639778933284,4.071073686859785,6.677569668667702,,0.060966397789332834,5222515148.43,,,8.28
45663,2020-05-20,World,,4847516.0,95308.0,90636.571,322536.0,5204.0,4422.857,,,,,,,,7794798729.0,58.045,30.9,8.696,5.355,15469.207,10.0,233.07,8.51,6.434,34.635,60.13,2.705,72.58,,,,,,,,,,,,,,,,,,,,,,,,,,,,,,,0.06653634562526457,62.18911056632108,4.137836154768532,6.653634562526458,,0.06218911056632108,5222515148.43,,,10.57
45664,2020-05-21,World,,4950701.0,103185.0,93046.85699999999,327243.0,4707.0,4376.857,,,,,,,,7794798729.0,58.045,30.9,8.696,5.355,15469.207,10.0,233.07,8.51,6.434,34.635,60.13,2.705,72.58,,,,,,,,,,,,,,,,,,,,,,,,,,,,,,,0.06610033609381782,63.51287790897365,4.198222576068776,6.610033609381782,,0.06351287790897366,5222515148.43,,,8.26
45665,2020-05-22,World,,5058679.0,107978.0,94674.571,332632.0,5389.0,4395.286,,,,,,,,7794798729.0,58.045,30.9,8.696,5.355,15469.207,10.0,233.07,8.51,6.434,34.635,60.13,2.705,72.58,,,,,,,,,,,,,,,,,,,,,,,,,,,,,,,0.06575471580624112,64.89813497274203,4.26735842148773,6.575471580624112,,0.06489813497274202,5222515148.43,,,4.65
45666,2020-05-23,World,,5164557.0,105878.0,95916.0,337276.0,4644.0,4337.714,,,,,,,,7794798729.0,58.045,30.9,8.696,5.355,15469.207,10.0,233.07,8.51,6.434,34.635,60.13,2.705,72.58,,,,,,,,,,,,,,,,,,,,,,,,,,,,,,,0.06530589167667236,66.25645099450264,4.32693661152774,6.5305891676672365,,0.06625645099450264,5222515148.43,,,-1.94
45667,2020-05-24,World,,5264713.0,100156.0,96900.429,341193.0,3917.0,4292.429,,,,,,,,7794798729.0,58.045,30.9,8.696,5.355,15469.207,10.0,233.07,8.51,6.434,34.635,60.13,2.705,72.58,,,,,,,,,,,,,,,,,,,,,,,,,,,,,,,0.06480752132167508,67.54135909132593,4.377188069406019,6.480752132167508,,0.06754135909132593,5222515148.43,,,-5.4
45668,2020-05-25,World,,5358061.0,93348.0,98864.14300000001,342311.0,1118.0,4038.7140000000004,,,,,,,,7794798729.0,58.045,30.9,8.696,5.355,15469.207,10.0,233.07,8.51,6.434,34.635,60.13,2.705,72.58,,,,,,,,,,,,,,,,,,,,,,,,,,,,,,,0.06388710393554684,68.7389268957736,4.391530967008244,6.388710393554684,,0.0687389268957736,5222515148.43,,,-6.8
45669,2020-05-26,World,,5446623.0,88562.0,99202.14300000001,345681.0,3370.0,4049.857,,,,,,,,7794798729.0,58.045,30.9,8.696,5.355,15469.207,10.0,233.07,8.51,6.434,34.635,60.13,2.705,72.58,,,,,,,,,,,,,,,,,,,,,,,,,,,,,,,0.06346703269163297,69.87509478257883,4.434764924896882,6.346703269163297,,0.06987509478257883,5222515148.43,,,-5.13
45670,2020-05-27,World,,5540149.0,93526.0,98947.571,349566.0,3885.0,3861.429,,,,,,,,7794798729.0,58.045,30.9,8.696,5.355,15469.207,10.0,233.07,8.51,6.434,34.635,60.13,2.705,72.58,,,,,,,,,,,,,,,,,,,,,,,,,,,,,,,0.06309685894729546,71.07494616106335,4.484605852611233,6.3096858947295456,,0.07107494616106336,5222515148.43,,,5.61
45671,2020-05-28,World,,5642914.0,102765.0,98887.571,354698.0,5132.0,3922.143,,,,,,,,7794798729.0,58.045,30.9,8.696,5.355,15469.207,10.0,233.07,8.51,6.434,34.635,60.13,2.705,72.58,,,,,,,,,,,,,,,,,,,,,,,,,,,,,,,0.06285724007135321,72.39332529531437,4.550444627651142,6.285724007135321,,0.07239332529531438,5222515148.43,,,9.88
45672,2020-05-29,World,,5761446.0,118532.0,100395.286,359339.0,4641.0,3815.2859999999996,,,,,,,,7794798729.0,58.045,30.9,8.696,5.355,15469.207,10.0,233.07,8.51,6.434,34.635,60.13,2.705,72.58,,,,,,,,,,,,,,,,,,,,,,,,,,,,,,,0.062369585690814425,73.91398033877316,4.609984330488285,6.236958569081443,,0.07391398033877315,5222515148.43,,,15.34
45673,2020-05-30,World,,5883516.0,122070.0,102708.429,363992.0,4653.0,3816.571,,,,,,,,7794798729.0,58.045,30.9,8.696,5.355,15469.207,10.0,233.07,8.51,6.434,34.635,60.13,2.705,72.58,,,,,,,,,,,,,,,,,,,,,,,,,,,,,,,0.06186640777385495,75.48002462348121,4.669677982136901,6.186640777385495,,0.0754800246234812,5222515148.43,,,2.98
45674,2020-05-31,World,,6011795.0,128279.0,106726.0,368005.0,4013.0,3830.2859999999996,,,,,,,,7794798729.0,58.045,30.9,8.696,5.355,15469.207,10.0,233.07,8.51,6.434,34.635,60.13,2.705,72.58,,,,,,,,,,,,,,,,,,,,,,,,,,,,,,,0.061213830478251505,77.12572458905885,4.721161030506963,6.121383047825151,,0.07712572458905885,5222515148.43,,,5.09
45675,2020-06-01,World,,6118678.0,106883.0,108659.571,370912.0,2907.0,4085.857,,,,,,,,7794798729.0,58.045,30.9,8.696,5.355,15469.207,10.0,233.07,8.51,6.434,34.635,60.13,2.705,72.58,,,,,,,,,,,,,,,,,,,,,,,,,,,,,,,0.06061963058033124,78.49693382378032,4.758455130086272,6.0619630580331245,,0.07849693382378033,5222515148.43,,,-16.68
45676,2020-06-02,World,,6218589.0,99911.0,110280.85699999999,374063.0,3151.0,4054.571,,,,,,,,7794798729.0,58.045,30.9,8.696,5.355,15469.207,10.0,233.07,8.51,6.434,34.635,60.13,2.705,72.58,,,,,,,,,,,,,,,,,,,,,,,,,,,,,,,0.0601523914830197,79.77869879903605,4.79887952216553,6.01523914830197,,0.07977869879903605,5222515148.43,,,-6.52
45677,2020-06-03,World,,6330723.0,112134.0,112939.14300000001,378611.0,4548.0,4149.286,,,,,,,,7794798729.0,58.045,30.9,8.696,5.355,15469.207,10.0,233.07,8.51,6.434,34.635,60.13,2.705,72.58,,,,,,,,,,,,,,,,,,,,,,,,,,,,,,,0.05980533345085545,81.21727346784454,4.857226121713758,5.980533345085545,,0.08121727346784453,5222515148.43,,,12.23
45678,2020-06-04,World,,6456090.0,125367.0,116168.0,384136.0,5525.0,4205.429,,,,,,,,7794798729.0,58.045,30.9,8.696,5.355,15469.207,10.0,233.07,8.51,6.434,34.635,60.13,2.705,72.58,,,,,,,,,,,,,,,,,,,,,,,,,,,,,,,0.059499790120645775,82.82561518850476,4.928106720329404,5.949979012064578,,0.08282561518850476,5222515148.43,,,11.8
45679,2020-06-05,World,,6583021.0,126931.0,117367.85699999999,389249.0,5113.0,4272.857,,,,,,,,7794798729.0,58.045,30.9,8.696,5.355,15469.207,10.0,233.07,8.51,6.434,34.635,60.13,2.705,72.58,,,,,,,,,,,,,,,,,,,,,,,,,,,,,,,0.05912923565031921,84.45402157092695,4.993701743084482,5.912923565031921,,0.08445402157092695,5222515148.43,,,1.25
45680,2020-06-06,World,,6716104.0,133083.0,118941.14300000001,393896.0,4647.0,4272.0,,,,,,,,7794798729.0,58.045,30.9,8.696,5.355,15469.207,10.0,233.07,8.51,6.434,34.635,60.13,2.705,72.58,,,,,,,,,,,,,,,,,,,,,,,,,,,,,,,0.05864947892409052,86.16135237736425,5.053318420327361,5.8649478924090515,,0.08616135237736425,5222515148.43,,,4.85
45681,2020-06-07,World,,6842467.0,126363.0,118667.429,397692.0,3796.0,4241.0,,,,,,,,7794798729.0,58.045,30.9,8.696,5.355,15469.207,10.0,233.07,8.51,6.434,34.635,60.13,2.705,72.58,,,,,,,,,,,,,,,,,,,,,,,,,,,,,,,0.05812114256451657,87.78247184937673,5.102017561023287,5.8121142564516575,,0.08778247184937674,5222515148.43,,,-5.05
45682,2020-06-08,World,,6957614.0,115147.0,119848.0,401201.0,3509.0,4327.0,,,,,,,,7794798729.0,58.045,30.9,8.696,5.355,15469.207,10.0,233.07,8.51,6.434,34.635,60.13,2.705,72.58,,,,,,,,,,,,,,,,,,,,,,,,,,,,,,,0.05766358984559937,89.25970049893253,5.147034759311487,5.766358984559937,,0.08925970049893253,5222515148.43,,,-8.88
45683,2020-06-09,World,,7063020.0,105406.0,120633.0,404410.0,3209.0,4335.286,,,,,,,,7794798729.0,58.045,30.9,8.696,5.355,15469.207,10.0,233.07,8.51,6.434,34.635,60.13,2.705,72.58,,,,,,,,,,,,,,,,,,,,,,,,,,,,,,,0.057257377155947455,90.61196120077523,5.188203237312864,5.725737715594746,,0.09061196120077522,5222515148.43,,,-8.46
45684,2020-06-10,World,,7187998.0,124978.0,122467.85699999999,409268.0,4858.0,4379.571,,,,,,,,7794798729.0,58.045,30.9,8.696,5.355,15469.207,10.0,233.07,8.51,6.434,34.635,60.13,2.705,72.58,,,,,,,,,,,,,,,,,,,,,,,,,,,,,,,0.056937689743375,92.21531241413021,5.250526847824142,5.6937689743375,,0.09221531241413021,5222515148.43,,,18.57
45685,2020-06-11,World,,7322351.0,134353.0,123751.571,414392.0,5124.0,4322.286,,,,,,,,7794798729.0,58.045,30.9,8.696,5.355,15469.207,10.0,233.07,8.51,6.434,34.635,60.13,2.705,72.58,,,,,,,,,,,,,,,,,,,,,,,,,,,,,,,0.05659275279210188,93.93893613644838,5.31626299032307,5.659275279210188,,0.09393893613644838,5222515148.43,,,7.5
45686,2020-06-12,World,,7458650.0,136299.0,125089.85699999999,419092.0,4700.0,4263.286,,,,,,,,7794798729.0,58.045,30.9,8.696,5.355,15469.207,10.0,233.07,8.51,6.434,34.635,60.13,2.705,72.58,,,,,,,,,,,,,,,,,,,,,,,,,,,,,,,0.056188720478907044,95.68752522436041,5.376559608149954,5.618872047890704,,0.09568752522436041,5222515148.43,,,1.45
45687,2020-06-13,World,,7603240.0,144590.0,126733.714,423746.0,4654.0,4264.286,,,,,,,,7794798729.0,58.045,30.9,8.696,5.355,15469.207,10.0,233.07,8.51,6.434,34.635,60.13,2.705,72.58,,,,,,,,,,,,,,,,,,,,,,,,,,,,,,,0.055732293075057476,97.54248011193259,5.4362660888661924,5.5732293075057475,,0.09754248011193259,5222515148.43,,,6.08
45688,2020-06-14,World,,7736949.0,133709.0,127783.14300000001,427882.0,4136.0,4312.857,,,,,,,,7794798729.0,58.045,30.9,8.696,5.355,15469.207,10.0,233.07,8.51,6.434,34.635,60.13,2.705,72.58,,,,,,,,,,,,,,,,,,,,,,,,,,,,,,,0.05530371209633151,99.25784191470173,5.489327112553852,5.530371209633151,,0.09925784191470173,5222515148.43,,,-7.53
45689,2020-06-15,World,,7858759.0,121810.0,128735.0,431045.0,3163.0,4263.429,,,,,,,,7794798729.0,58.045,30.9,8.696,5.355,15469.207,10.0,233.07,8.51,6.434,34.635,60.13,2.705,72.58,,,,,,,,,,,,,,,,,,,,,,,,,,,,,,,0.05484899078849472,100.82055064182786,5.529905453444583,5.484899078849472,,0.10082055064182788,5222515148.43,,,-8.9
45690,2020-06-16,World,,7976987.0,118228.0,130566.714,434419.0,3374.0,4287.0,,,,,,,,7794798729.0,58.045,30.9,8.696,5.355,15469.207,10.0,233.07,8.51,6.434,34.635,60.13,2.705,72.58,,,,,,,,,,,,,,,,,,,,,,,,,,,,,,,0.0544590332164262,102.33730564872936,5.573190727603712,5.44590332164262,,0.10233730564872935,5222515148.43,,,-2.94
45691,2020-06-17,World,,8117939.0,140952.0,132848.714,441141.0,6722.0,4553.286,,,,,,,,7794798729.0,58.045,30.9,8.696,5.355,15469.207,10.0,233.07,8.51,6.434,34.635,60.13,2.705,72.58,,,,,,,,,,,,,,,,,,,,,,,,,,,,,,,0.054341502196555064,104.14558838829,5.65942772016378,5.434150219655506,,0.10414558838829,5222515148.43,,,19.22
45692,2020-06-18,World,,8294555.0,176616.0,138886.286,446236.0,5095.0,4549.143,,,,,,,,7794798729.0,58.045,30.9,8.696,5.355,15469.207,10.0,233.07,8.51,6.434,34.635,60.13,2.705,72.58,,,,,,,,,,,,,,,,,,,,,,,,,,,,,,,0.05379866671569481,106.41140699554809,5.724791819701648,5.379866671569481,,0.1064114069955481,5222515148.43,,,25.3
45693,2020-06-19,World,,8432968.0,138413.0,139188.286,452515.0,6279.0,4774.714,,,,,,,,7794798729.0,58.045,30.9,8.696,5.355,15469.207,10.0,233.07,8.51,6.434,34.635,60.13,2.705,72.58,,,,,,,,,,,,,,,,,,,,,,,,,,,,,,,0.0536602297079747,108.1871167324146,5.805345535304841,5.36602297079747,,0.1081871167324146,5222515148.43,,,-21.63
45694,2020-06-20,World,,8613564.0,180596.0,144332.0,457546.0,5031.0,4828.571,,,,,,,,7794798729.0,58.045,30.9,8.696,5.355,15469.207,10.0,233.07,8.51,6.434,34.635,60.13,2.705,72.58,,,,,,,,,,,,,,,,,,,,,,,,,,,,,,,0.05311924309147758,110.50399502881122,5.869888574514853,5.3119243091477575,,0.11050399502881122,5222515148.43,,,30.48
45695,2020-06-21,World,,8774392.0,160828.0,148206.143,461662.0,4116.0,4825.714,,,,,,,,7794798729.0,58.045,30.9,8.696,5.355,15469.207,10.0,233.07,8.51,6.434,34.635,60.13,2.705,72.58,,,,,,,,,,,,,,,,,,,,,,,,,,,,,,,0.052614699685174765,112.56726831644148,5.922693016850057,5.261469968517477,,0.11256726831644148,5222515148.43,,,-10.95
45696,2020-06-22,World,,8903967.0,129575.0,149315.429,465636.0,3974.0,4941.571,,,,,,,,7794798729.0,58.045,30.9,8.696,5.355,15469.207,10.0,233.07,8.51,6.434,34.635,60.13,2.705,72.58,,,,,,,,,,,,,,,,,,,,,,,,,,,,,,,0.05229534206494701,114.22959475365819,5.973675731582831,5.229534206494701,,0.1142295947536582,5222515148.43,,,-19.43
45697,2020-06-23,World,,9037727.0,133760.0,151534.286,469032.0,3396.0,4944.714,,,,,,,,7794798729.0,58.045,30.9,8.696,5.355,15469.207,10.0,233.07,8.51,6.434,34.635,60.13,2.705,72.58,,,,,,,,,,,,,,,,,,,,,,,,,,,,,,,0.05189711970720071,115.94561083887609,6.017243245229661,5.189711970720071,,0.1159456108388761,5222515148.43,,,3.23
45698,2020-06-24,World,,9201109.0,163382.0,154738.571,474378.0,5346.0,4748.143,,,,,,,,7794798729.0,58.045,30.9,8.696,5.355,15469.207,10.0,233.07,8.51,6.434,34.635,60.13,2.705,72.58,,,,,,,,,,,,,,,,,,,,,,,,,,,,,,,0.05155661127370625,118.04164956521484,6.085827440740837,5.1556611273706245,,0.11804164956521483,5222515148.43,,,22.15
45699,2020-06-25,World,,9375715.0,174606.0,154451.429,479596.0,5218.0,4765.714,,,,,,,,7794798729.0,58.045,30.9,8.696,5.355,15469.207,10.0,233.07,8.51,6.434,34.635,60.13,2.705,72.58,,,,,,,,,,,,,,,,,,,,,,,,,,,,,,,0.05115300539745502,120.28168174655121,6.152769515596302,5.115300539745502,,0.12028168174655121,5222515148.43,,,6.87
45700,2020-06-26,World,,9554875.0,179160.0,160272.429,486172.0,6576.0,4808.143,,,,,,,,7794798729.0,58.045,30.9,8.696,5.355,15469.207,10.0,233.07,8.51,6.434,34.635,60.13,2.705,72.58,,,,,,,,,,,,,,,,,,,,,,,,,,,,,,,0.050882088985988824,122.58013750184158,6.23713346428345,5.088208898598882,,0.12258013750184157,5222515148.43,,,2.61
45701,2020-06-27,World,,9743622.0,188747.0,161436.857,490745.0,4573.0,4742.714,,,,,,,,7794798729.0,58.045,30.9,8.696,5.355,15469.207,10.0,233.07,8.51,6.434,34.635,60.13,2.705,72.58,,,,,,,,,,,,,,,,,,,,,,,,,,,,,,,0.05036576747332768,125.00158552843116,6.295800790522246,5.036576747332768,,0.12500158552843116,5222515148.43,,,5.35
45702,2020-06-28,World,,9926099.0,182477.0,164529.571,495333.0,4588.0,4810.143,,,,,,,,7794798729.0,58.045,30.9,8.696,5.355,15469.207,10.0,233.07,8.51,6.434,34.635,60.13,2.705,72.58,,,,,,,,,,,,,,,,,,,,,,,,,,,,,,,0.049902081371543845,127.34259530102615,6.354660552775384,4.990208137154385,,0.12734259530102615,5222515148.43,,,-3.32
45703,2020-06-29,World,,10086642.0,160543.0,168953.57100000003,498394.0,3061.0,4679.714,,,,,,,,7794798729.0,58.045,30.9,8.696,5.355,15469.207,10.0,233.07,8.51,6.434,34.635,60.13,2.705,72.58,,,,,,,,,,,,,,,,,,,,,,,,,,,,,,,0.049411290695159,129.40221230438394,6.393930328768596,4.941129069515901,,0.12940221230438392,5222515148.43,,,-12.02
45704,2020-06-30,World,,10244488.0,157846.0,172394.42899999997,502104.0,3710.0,4724.571,,,,,,,,7794798729.0,58.045,30.9,8.696,5.355,15469.207,10.0,233.07,8.51,6.434,34.635,60.13,2.705,72.58,,,,,,,,,,,,,,,,,,,,,,,,,,,,,,,0.04901211265999823,131.42722931236318,6.441526169648966,4.901211265999823,,0.13142722931236317,5222515148.43,,,-1.68
45705,2020-07-01,World,,10436497.0,192009.0,176484.0,507725.0,5621.0,4763.857,,,,,,,,7794798729.0,58.045,30.9,8.696,5.355,15469.207,10.0,233.07,8.51,6.434,34.635,60.13,2.705,72.58,,,,,,,,,,,,,,,,,,,,,,,,,,,,,,,0.04864898634091496,133.89052575753814,6.5136383587563955,4.864898634091496,,0.13389052575753815,5222515148.43,,,21.64
45706,2020-07-02,World,,10636992.0,200495.0,180182.42899999997,512570.0,4845.0,4710.571,,,,,,,,7794798729.0,58.045,30.9,8.696,5.355,15469.207,10.0,233.07,8.51,6.434,34.635,60.13,2.705,72.58,,,,,,,,,,,,,,,,,,,,,,,,,,,,,,,0.048187495111399914,136.46268967055968,6.575795191388578,4.818749511139991,,0.1364626896705597,5222515148.43,,,4.42
45707,2020-07-03,World,,10845614.0,208622.0,184391.28600000002,517649.0,5079.0,4496.714,,,,,,,,7794798729.0,58.045,30.9,8.696,5.355,15469.207,10.0,233.07,8.51,6.434,34.635,60.13,2.705,72.58,,,,,,,,,,,,,,,,,,,,,,,,,,,,,,,0.04772887915797114,139.13911541615124,6.640954025844481,4.772887915797114,,0.13913911541615123,5222515148.43,,,4.05
45708,2020-07-04,World,,11051131.0,205517.0,186787.0,522668.0,5019.0,4560.429,,,,,,,,7794798729.0,58.045,30.9,8.696,5.355,15469.207,10.0,233.07,8.51,6.434,34.635,60.13,2.705,72.58,,,,,,,,,,,,,,,,,,,,,,,,,,,,,,,0.047295430666779714,141.7757069067742,6.705343116243021,4.729543066677971,,0.14177570690677418,5222515148.43,,,-1.49
45709,2020-07-05,World,,11242525.0,191394.0,188060.857,527000.0,4332.0,4523.857,,,,,,,,7794798729.0,58.045,30.9,8.696,5.355,15469.207,10.0,233.07,8.51,6.434,34.635,60.13,2.705,72.58,,,,,,,,,,,,,,,,,,,,,,,,,,,,,,,0.04687559067024534,144.23111347536116,6.760918637184736,4.687559067024534,,0.14423111347536116,5222515148.43,,,-6.87
45710,2020-07-06,World,,11420853.0,178328.0,190601.57100000003,530384.0,3384.0,4570.0,,,,,,,,7794798729.0,58.045,30.9,8.696,5.355,15469.207,10.0,233.07,8.51,6.434,34.635,60.13,2.705,72.58,,,,,,,,,,,,,,,,,,,,,,,,,,,,,,,0.046439963810058674,146.5188954463894,6.804332202020094,4.643996381005867,,0.1465188954463894,5222515148.43,,,-6.83
45711,2020-07-07,World,,11595195.0,174342.0,192958.143,534219.0,3835.0,4587.857,,,,,,,,7794798729.0,58.045,30.9,8.696,5.355,15469.207,10.0,233.07,8.51,6.434,34.635,60.13,2.705,72.58,,,,,,,,,,,,,,,,,,,,,,,,,,,,,,,0.04607244638835311,148.7555407538734,6.853531676353307,4.6072446388353105,,0.1487555407538734,5222515148.43,,,-2.24
45712,2020-07-08,World,,11802110.0,206915.0,195087.57100000003,540219.0,6000.0,4642.0,,,,,,,,7794798729.0,58.045,30.9,8.696,5.355,15469.207,10.0,233.07,8.51,6.434,34.635,60.13,2.705,72.58,,,,,,,,,,,,,,,,,,,,,,,,,,,,,,,0.045773086337951435,151.41006728103292,6.930506082089756,4.577308633795144,,0.15141006728103293,5222515148.43,,,18.68
45713,2020-07-09,World,,12017361.0,215251.0,197195.57100000003,545497.0,5278.0,4703.857,,,,,,,,7794798729.0,58.045,30.9,8.696,5.355,15469.207,10.0,233.07,8.51,6.434,34.635,60.13,2.705,72.58,,,,,,,,,,,,,,,,,,,,,,,,,,,,,,,0.04539241186147275,154.17153691589567,6.998217901002586,4.539241186147275,,0.15417153691589566,5222515148.43,,,4.03
45714,2020-07-10,World,,12242707.0,225346.0,199584.71399999998,550876.0,5379.0,4746.714,,,,,,,,7794798729.0,58.045,30.9,8.696,5.355,15469.207,10.0,233.07,8.51,6.434,34.635,60.13,2.705,72.58,,,,,,,,,,,,,,,,,,,,,,,,,,,,,,,0.04499625777207606,157.06251598840996,7.067225455745311,4.499625777207606,,0.15706251598840995,5222515148.43,,,4.69
45715,2020-07-11,World,,12474133.0,231426.0,203286.0,556154.0,5278.0,4783.714,,,,,,,,7794798729.0,58.045,30.9,8.696,5.355,15469.207,10.0,233.07,8.51,6.434,34.635,60.13,2.705,72.58,,,,,,,,,,,,,,,,,,,,,,,,,,,,,,,0.044584581549675636,160.0314957920705,7.134937274658141,4.4584581549675635,,0.16003149579207052,5222515148.43,,,2.7
45716,2020-07-12,World,,12692188.0,218055.0,207094.71399999998,560951.0,4797.0,4850.143,,,,,,,,7794798729.0,58.045,30.9,8.696,5.355,15469.207,10.0,233.07,8.51,6.434,34.635,60.13,2.705,72.58,,,,,,,,,,,,,,,,,,,,,,,,,,,,,,,0.04419655618085708,162.8289381325474,7.196478312044431,4.419655618085708,,0.16282893813254737,5222515148.43,,,-5.78
45717,2020-07-13,World,,12887889.0,195701.0,209576.57100000003,564842.0,3891.0,4922.571,,,,,,,,7794798729.0,58.045,30.9,8.696,5.355,15469.207,10.0,233.07,8.51,6.434,34.635,60.13,2.705,72.58,,,,,,,,,,,,,,,,,,,,,,,,,,,,,,,0.0438273482957527,165.3395994953855,7.246396214164518,4.38273482957527,,0.1653395994953855,5222515148.43,,,-10.25
45718,2020-07-14,World,,13076271.0,188382.0,211582.28600000002,568678.0,3836.0,4922.714,,,,,,,,7794798729.0,58.045,30.9,8.696,5.355,15469.207,10.0,233.07,8.51,6.434,34.635,60.13,2.705,72.58,,,,,,,,,,,,,,,,,,,,,,,,,,,,,,,0.0434893097581107,167.75636491229278,7.295608517565354,4.34893097581107,,0.1677563649122928,5222515148.43,,,-3.74
45719,2020-07-15,World,,13299822.0,223551.0,213958.857,574262.0,5584.0,4863.286,,,,,,,,7794798729.0,58.045,30.9,8.696,5.355,15469.207,10.0,233.07,8.51,6.434,34.635,60.13,2.705,72.58,,,,,,,,,,,,,,,,,,,,,,,,,,,,,,,0.043178171858239904,170.62431580842426,7.367246031170743,4.317817185823991,,0.17062431580842427,5222515148.43,,,18.67
45720,2020-07-16,World,,13531546.0,231724.0,216312.143,579765.0,5503.0,4895.429,,,,,,,,7794798729.0,58.045,30.9,8.696,5.355,15469.207,10.0,233.07,8.51,6.434,34.635,60.13,2.705,72.58,,,,,,,,,,,,,,,,,,,,,,,,,,,,,,,0.04284543687764872,173.59711867423638,7.437844390298689,4.284543687764872,,0.17359711867423638,5222515148.43,,,3.66
45721,2020-07-17,World,,13785943.0,254397.0,220462.28600000002,585509.0,5744.0,4947.571,,,,,,,,7794798729.0,58.045,30.9,8.696,5.355,15469.207,10.0,233.07,8.51,6.434,34.635,60.13,2.705,72.58,,,,,,,,,,,,,,,,,,,,,,,,,,,,,,,0.04247145081043785,176.86079499025894,7.511534554723716,4.247145081043785,,0.17686079499025895,5222515148.43,,,9.78
45722,2020-07-18,World,,14034120.0,248177.0,222855.28600000002,592742.0,7233.0,5226.857,,,,,,,,7794798729.0,58.045,30.9,8.696,5.355,15469.207,10.0,233.07,8.51,6.434,34.635,60.13,2.705,72.58,,,,,,,,,,,,,,,,,,,,,,,,,,,,,,,0.04223577965700735,180.04467450566804,7.604327200839005,4.223577965700735,,0.18004467450566805,5222515148.43,,,-2.44
45723,2020-07-19,World,,14264504.0,230384.0,224616.57100000003,597716.0,4974.0,5252.143,,,,,,,,7794798729.0,58.045,30.9,8.696,5.355,15469.207,10.0,233.07,8.51,6.434,34.635,60.13,2.705,72.58,,,,,,,,,,,,,,,,,,,,,,,,,,,,,,,0.041902333232196505,183.0002864208657,7.66813898319452,4.19023332321965,,0.18300028642086572,5222515148.43,,,-7.17
45724,2020-07-20,World,,14480135.0,215631.0,227463.71399999998,601655.0,3939.0,5259.0,,,,,,,,7794798729.0,58.045,30.9,8.696,5.355,15469.207,10.0,233.07,8.51,6.434,34.635,60.13,2.705,72.58,,,,,,,,,,,,,,,,,,,,,,,,,,,,,,,0.04155037228589374,185.76663110142505,7.718672680560498,4.155037228589374,,0.18576663110142505,5222515148.43,,,-6.4
45725,2020-07-21,World,,14680878.0,200743.0,229229.57100000003,605749.0,4094.0,5295.857,,,,,,,,7794798729.0,58.045,30.9,8.696,5.355,15469.207,10.0,233.07,8.51,6.434,34.635,60.13,2.705,72.58,,,,,,,,,,,,,,,,,,,,,,,,,,,,,,,0.04126108806298915,188.34197662321705,7.771194883408002,4.126108806298915,,0.18834197662321706,5222515148.43,,,-6.9
45726,2020-07-22,World,,14920568.0,239690.0,231535.143,611872.0,6123.0,5372.857,,,,,,,,7794798729.0,58.045,30.9,8.696,5.355,15469.207,10.0,233.07,8.51,6.434,34.635,60.13,2.705,72.58,,,,,,,,,,,,,,,,,,,,,,,,,,,,,,,0.04100862648124388,191.41697584171195,7.8497472644620485,4.100862648124388,,0.19141697584171197,5222515148.43,,,19.4
45727,2020-07-23,World,,15202130.0,281562.0,238654.857,618750.0,6878.0,5569.286,,,,,,,,7794798729.0,58.045,30.9,8.696,5.355,15469.207,10.0,233.07,8.51,6.434,34.635,60.13,2.705,72.58,,,,,,,,,,,,,,,,,,,,,,,,,,,,,,,0.04070153327198228,195.0291537797063,7.937985591571264,4.070153327198228,,0.19502915377970628,5222515148.43,,,17.47
45728,2020-07-24,World,,15478498.0,276368.0,241793.57100000003,628530.0,9780.0,6145.857,,,,,,,,7794798729.0,58.045,30.9,8.696,5.355,15469.207,10.0,233.07,8.51,6.434,34.635,60.13,2.705,72.58,,,,,,,,,,,,,,,,,,,,,,,,,,,,,,,0.040606653177847105,198.57469754046807,8.063453872921675,4.060665317784711,,0.19857469754046808,5222515148.43,,,-1.84
45729,2020-07-25,World,,15762367.0,283869.0,246892.42899999997,634788.0,6258.0,6006.571,,,,,,,,7794798729.0,58.045,30.9,8.696,5.355,15469.207,10.0,233.07,8.51,6.434,34.635,60.13,2.705,72.58,,,,,,,,,,,,,,,,,,,,,,,,,,,,,,,0.040272377873196326,202.2164721374681,8.14373817810479,4.027237787319633,,0.20221647213746807,5222515148.43,,,2.71
45730,2020-07-26,World,,16022119.0,259752.0,251087.857,640523.0,5735.0,6115.286,,,,,,,,7794798729.0,58.045,30.9,8.696,5.355,15469.207,10.0,233.07,8.51,6.434,34.635,60.13,2.705,72.58,,,,,,,,,,,,,,,,,,,,,,,,,,,,,,,0.0399774212137608,205.5488481106104,8.217312880921213,3.99774212137608,,0.20554884811061042,5222515148.43,,,-8.5
45731,2020-07-27,World,,16254073.0,231954.0,253419.71399999998,644485.0,3962.0,6118.571,,,,,,,,7794798729.0,58.045,30.9,8.696,5.355,15469.207,10.0,233.07,8.51,6.434,34.635,60.13,2.705,72.58,,,,,,,,,,,,,,,,,,,,,,,,,,,,,,,0.03965067709490415,208.5246016619758,8.268141646842516,3.9650677094904148,,0.20852460166197578,5222515148.43,,,-10.7
45732,2020-07-28,World,,16465951.0,211878.0,255010.42899999997,649137.0,4652.0,6198.286,,,,,,,,7794798729.0,58.045,30.9,8.696,5.355,15469.207,10.0,233.07,8.51,6.434,34.635,60.13,2.705,72.58,,,,,,,,,,,,,,,,,,,,,,,,,,,,,,,0.03942298868738283,211.24279885174698,8.327822469423507,3.942298868738283,,0.211242798851747,5222515148.43,,,-8.66
45733,2020-07-29,World,,16709541.0,243590.0,255567.57100000003,655299.0,6162.0,6203.857,,,,,,,,7794798729.0,58.045,30.9,8.696,5.355,15469.207,10.0,233.07,8.51,6.434,34.635,60.13,2.705,72.58,,,,,,,,,,,,,,,,,,,,,,,,,,,,,,,0.039217055692912214,214.36783143397057,8.40687518411484,3.9217055692912215,,0.21436783143397056,5222515148.43,,,14.97
45734,2020-07-30,World,,17007634.0,298093.0,257929.143,661945.0,6646.0,6170.714,,,,,,,,7794798729.0,58.045,30.9,8.696,5.355,15469.207,10.0,233.07,8.51,6.434,34.635,60.13,2.705,72.58,,,,,,,,,,,,,,,,,,,,,,,,,,,,,,,0.03892046359887566,218.19208668883644,8.49213716753558,3.892046359887566,,0.21819208668883644,5222515148.43,,,22.37
45735,2020-07-31,World,,17298064.0,290430.0,259938.0,668330.0,6385.0,5685.714,,,,,,,,7794798729.0,58.045,30.9,8.696,5.355,15469.207,10.0,233.07,8.51,6.434,34.635,60.13,2.705,72.58,,,,,,,,,,,,,,,,,,,,,,,,,,,,,,,0.038636115579176955,221.91803279850922,8.574050764306785,3.8636115579176957,,0.22191803279850922,5222515148.43,,,-2.57
45736,2020-08-01,World,,17577170.0,279106.0,259257.57100000003,674450.0,6120.0,5666.0,,,,,,,,7794798729.0,58.045,30.9,8.696,5.355,15469.207,10.0,233.07,8.51,6.434,34.635,60.13,2.705,72.58,,,,,,,,,,,,,,,,,,,,,,,,,,,,,,,0.0383707957538102,225.4987025464221,8.652564658157962,3.8370795753810203,,0.2254987025464221,5222515148.43,,,-3.9
45737,2020-08-02,World,,17844982.0,267812.0,260409.0,680209.0,5759.0,5669.429,,,,,,,,7794798729.0,58.045,30.9,8.696,5.355,15469.207,10.0,233.07,8.51,6.434,34.635,60.13,2.705,72.58,,,,,,,,,,,,,,,,,,,,,,,,,,,,,,,0.03811766243305821,228.9344808046037,8.726447258597329,3.8117662433058213,,0.2289344808046037,5222515148.43,,,-4.05
45738,2020-08-03,World,,18068539.0,223557.0,259209.42899999997,684442.0,4233.0,5708.143,,,,,,,,7794798729.0,58.045,30.9,8.696,5.355,15469.207,10.0,233.07,8.51,6.434,34.635,60.13,2.705,72.58,,,,,,,,,,,,,,,,,,,,,,,,,,,,,,,0.03788031782757864,231.80250867514096,8.780752701844394,3.788031782757864,,0.23180250867514096,5222515148.43,,,-16.52
45739,2020-08-04,World,,18273069.0,204530.0,258159.71399999998,688667.0,4225.0,5647.143,,,,,,,,7794798729.0,58.045,30.9,8.696,5.355,15469.207,10.0,233.07,8.51,6.434,34.635,60.13,2.705,72.58,,,,,,,,,,,,,,,,,,,,,,,,,,,,,,,0.03768753896786577,234.42643787602023,8.834955512550478,3.7687538967865772,,0.23442643787602024,5222515148.43,,,-8.51
45740,2020-08-05,World,,18528573.0,255504.0,259861.71399999998,695399.0,6732.0,5728.571,,,,,,,,7794798729.0,58.045,30.9,8.696,5.355,15469.207,10.0,233.07,8.51,6.434,34.635,60.13,2.705,72.58,,,,,,,,,,,,,,,,,,,,,,,,,,,,,,,0.03753116875217535,237.70431596990116,8.921320795786773,3.7531168752175352,,0.23770431596990116,5222515148.43,,,24.92
45741,2020-08-06,World,,18806085.0,277512.0,256921.57100000003,702498.0,7099.0,5793.286,,,,,,,,7794798729.0,58.045,30.9,8.696,5.355,15469.207,10.0,233.07,8.51,6.434,34.635,60.13,2.705,72.58,,,,,,,,,,,,,,,,,,,,,,,,,,,,,,,0.03735482424970429,241.26453618402337,9.012394346840614,3.735482424970429,,0.24126453618402338,5222515148.43,,,8.61
45742,2020-08-07,World,,19092057.0,285972.0,256284.71399999998,709392.0,6894.0,5866.0,,,,,,,,7794798729.0,58.045,30.9,8.696,5.355,15469.207,10.0,233.07,8.51,6.434,34.635,60.13,2.705,72.58,,,,,,,,,,,,,,,,,,,,,,,,,,,,,,,0.03715639441051323,244.933290310234,9.100837939031793,3.715639441051323,,0.244933290310234,5222515148.43,,,3.05
45743,2020-08-08,World,,19367958.0,275901.0,255826.857,715861.0,6469.0,5915.857,,,,,,,,7794798729.0,58.045,30.9,8.696,5.355,15469.207,10.0,233.07,8.51,6.434,34.635,60.13,2.705,72.58,,,,,,,,,,,,,,,,,,,,,,,,,,,,,,,0.03696109832538877,248.472842896416,9.183829177483307,3.696109832538877,,0.248472842896416,5222515148.43,,,-3.52
45744,2020-08-09,World,,19636796.0,268838.0,255973.42899999997,721497.0,5636.0,5898.286,,,,,,,,7794798729.0,58.045,30.9,8.696,5.355,15469.207,10.0,233.07,8.51,6.434,34.635,60.13,2.705,72.58,,,,,,,,,,,,,,,,,,,,,,,,,,,,,,,0.03674209377130566,251.92178377797853,9.256133802605078,3.674209377130566,,0.2519217837779785,5222515148.43,,,-2.56
45745,2020-08-10,World,,19866397.0,229601.0,256836.857,726318.0,4821.0,5982.286,,,,,,,,7794798729.0,58.045,30.9,8.696,5.355,15469.207,10.0,233.07,8.51,6.434,34.635,60.13,2.705,72.58,,,,,,,,,,,,,,,,,,,,,,,,,,,,,,,0.03656012713326931,254.8673505332276,9.317982737614313,3.656012713326931,,0.2548673505332276,5222515148.43,,,-14.6
45746,2020-08-11,World,,20086040.0,219643.0,258995.857,731137.0,4819.0,6067.143,,,,,,,,7794798729.0,58.045,30.9,8.696,5.355,15469.207,10.0,233.07,8.51,6.434,34.635,60.13,2.705,72.58,,,,,,,,,,,,,,,,,,,,,,,,,,,,,,,0.03640025609826526,257.68516543308937,9.379806014488304,3.6400256098265262,,0.2576851654330894,5222515148.43,,,-4.34
45747,2020-08-12,World,,20347286.0,261246.0,259816.143,737272.0,6135.0,5981.857,,,,,,,,7794798729.0,58.045,30.9,8.696,5.355,15469.207,10.0,233.07,8.51,6.434,34.635,60.13,2.705,72.58,,,,,,,,,,,,,,,,,,,,,,,,,,,,,,,0.03623441475192318,261.0367080332601,9.458512344353824,3.623441475192318,,0.2610367080332601,5222515148.43,,,18.94
45748,2020-08-13,World,,20636607.0,289321.0,261503.143,744173.0,6901.0,5953.571,,,,,,,,7794798729.0,58.045,30.9,8.696,5.355,15469.207,10.0,233.07,8.51,6.434,34.635,60.13,2.705,72.58,,,,,,,,,,,,,,,,,,,,,,,,,,,,,,,0.03606082143251553,264.7484267069393,9.547045740018362,3.606082143251553,,0.2647484267069393,5222515148.43,,,10.75
45749,2020-08-14,World,,20923358.0,286751.0,261614.42899999997,754080.0,9907.0,6384.0,,,,,,,,7794798729.0,58.045,30.9,8.696,5.355,15469.207,10.0,233.07,8.51,6.434,34.635,60.13,2.705,72.58,,,,,,,,,,,,,,,,,,,,,,,,,,,,,,,0.03604010407889594,268.42717467682803,9.674143312956863,3.6040104078895943,,0.26842717467682803,5222515148.43,,,-0.89
45750,2020-08-15,World,,21212295.0,288937.0,263476.714,760325.0,6245.0,6352.0,,,,,,,,7794798729.0,58.045,30.9,8.696,5.355,15469.207,10.0,233.07,8.51,6.434,34.635,60.13,2.705,72.58,,,,,,,,,,,,,,,,,,,,,,,,,,,,,,,0.03584359919565516,272.13396698854007,9.754260840260883,3.5843599195655163,,0.2721339669885401,5222515148.43,,,0.76
45751,2020-08-16,World,,21472046.0,259751.0,262178.571,765983.0,5658.0,6355.143,,,,,,,,7794798729.0,58.045,30.9,8.696,5.355,15469.207,10.0,233.07,8.51,6.434,34.635,60.13,2.705,72.58,,,,,,,,,,,,,,,,,,,,,,,,,,,,,,,0.03567349846400292,275.46633013261476,9.826847704870353,3.5673498464002917,,0.2754663301326148,5222515148.43,,,-10.1
45752,2020-08-17,World,,21704570.0,232524.0,262596.143,770217.0,4234.0,6271.286,,,,,,,,7794798729.0,58.045,30.9,8.696,5.355,15469.207,10.0,233.07,8.51,6.434,34.635,60.13,2.705,72.58,,,,,,,,,,,,,,,,,,,,,,,,,,,,,,,0.03548639756512108,278.4493962525251,9.881165977185042,3.5486397565121077,,0.27844939625252507,5222515148.43,,,-10.48
45753,2020-08-18,World,,21901005.0,196435.0,259280.71399999998,774484.0,4267.0,6192.429,,,,,,,,7794798729.0,58.045,30.9,8.696,5.355,15469.207,10.0,233.07,8.51,6.434,34.635,60.13,2.705,72.58,,,,,,,,,,,,,,,,,,,,,,,,,,,,,,,0.03536294339004078,280.9694741509983,9.935907608731279,3.536294339004078,,0.28096947415099827,5222515148.43,,,-15.52
45754,2020-08-19,World,,22155889.0,254884.0,258371.857,781173.0,6689.0,6271.571,,,,,,,,7794798729.0,58.045,30.9,8.696,5.355,15469.207,10.0,233.07,8.51,6.434,34.635,60.13,2.705,72.58,,,,,,,,,,,,,,,,,,,,,,,,,,,,,,,0.035258030043389364,284.2393982229532,10.021721242059796,3.5258030043389366,,0.28423939822295313,5222515148.43,,,29.75
45755,2020-08-20,World,,22437370.0,281481.0,257251.857,787723.0,6550.0,6221.429,,,,,,,,7794798729.0,58.045,30.9,8.696,5.355,15469.207,10.0,233.07,8.51,6.434,34.635,60.13,2.705,72.58,,,,,,,,,,,,,,,,,,,,,,,,,,,,,,,0.03510763516401432,287.85053700647,10.105751634988753,3.510763516401432,,0.28785053700647,5222515148.43,,,10.43
45756,2020-08-21,World,,22713706.0,276336.0,255764.0,794075.0,6352.0,5713.571,,,,,,,,7794798729.0,58.045,30.9,8.696,5.355,15469.207,10.0,233.07,8.51,6.434,34.635,60.13,2.705,72.58,,,,,,,,,,,,,,,,,,,,,,,,,,,,,,,0.034960168983432294,291.3956702370679,10.187241872528407,3.496016898343229,,0.2913956702370679,5222515148.43,,,-1.83
45757,2020-08-22,World,,22966972.0,253266.0,250668.143,799941.0,5866.0,5659.429,,,,,,,,7794798729.0,58.045,30.9,8.696,5.355,15469.207,10.0,233.07,8.51,6.434,34.635,60.13,2.705,72.58,,,,,,,,,,,,,,,,,,,,,,,,,,,,,,,0.034830059443621914,294.6448368776091,10.262497183203408,3.4830059443621915,,0.2946448368776091,5222515148.43,,,-8.35
45758,2020-08-23,World,,23233840.0,266868.0,251684.857,805588.0,5647.0,5657.857,,,,,,,,7794798729.0,58.045,30.9,8.696,5.355,15469.207,10.0,233.07,8.51,6.434,34.635,60.13,2.705,72.58,,,,,,,,,,,,,,,,,,,,,,,,,,,,,,,0.034673045867579355,298.06850449595487,10.33494292806903,3.4673045867579355,,0.2980685044959549,5222515148.43,,,5.37
45759,2020-08-24,World,,23458291.0,224451.0,250531.57100000003,808896.0,3308.0,5525.571,,,,,,,,7794798729.0,58.045,30.9,8.696,5.355,15469.207,10.0,233.07,8.51,6.434,34.635,60.13,2.705,72.58,,,,,,,,,,,,,,,,,,,,,,,,,,,,,,,0.03448230734284949,300.94800155294683,10.377381483765056,3.448230734284949,,0.3009480015529469,5222515148.43,,,-15.89
45760,2020-08-25,World,,23669632.0,211341.0,252661.0,813175.0,4279.0,5527.286,,,,,,,,7794798729.0,58.045,30.9,8.696,5.355,15469.207,10.0,233.07,8.51,6.434,34.635,60.13,2.705,72.58,,,,,,,,,,,,,,,,,,,,,,,,,,,,,,,0.034355202480545535,303.65930953340467,10.432277064122768,3.4355202480545537,,0.30365930953340464,5222515148.43,,,-5.84
45761,2020-08-26,World,,23924656.0,255024.0,252681.0,819652.0,6477.0,5497.0,,,,,,,,7794798729.0,58.045,30.9,8.696,5.355,15469.207,10.0,233.07,8.51,6.434,34.635,60.13,2.705,72.58,,,,,,,,,,,,,,,,,,,,,,,,,,,,,,,0.03425971934559895,306.9310296748267,10.515370935115264,3.4259719345598953,,0.30693102967482666,5222515148.43,,,20.67
45762,2020-08-27,World,,24201310.0,276654.0,251991.42899999997,825946.0,6294.0,5460.429,,,,,,,,7794798729.0,58.045,30.9,8.696,5.355,15469.207,10.0,233.07,8.51,6.434,34.635,60.13,2.705,72.58,,,,,,,,,,,,,,,,,,,,,,,,,,,,,,,0.034128152566947824,310.4802425489286,10.596117086732798,3.4128152566947825,,0.31048024254892853,5222515148.43,,,8.48
45763,2020-08-28,World,,24484762.0,283452.0,253008.0,832029.0,6083.0,5422.0,,,,,,,,7794798729.0,58.045,30.9,8.696,5.355,15469.207,10.0,233.07,8.51,6.434,34.635,60.13,2.705,72.58,,,,,,,,,,,,,,,,,,,,,,,,,,,,,,,0.03398150245446535,314.1166674247298,10.674156305081935,3.3981502454465353,,0.3141166674247299,5222515148.43,,,2.46
45764,2020-08-29,World,,24761384.0,276622.0,256344.57100000003,837486.0,5457.0,5363.571,,,,,,,,7794798729.0,58.045,30.9,8.696,5.355,15469.207,10.0,233.07,8.51,6.434,34.635,60.13,2.705,72.58,,,,,,,,,,,,,,,,,,,,,,,,,,,,,,,0.03382226130817244,317.66546976866783,10.744164527099235,3.382226130817244,,0.31766546976866783,5222515148.43,,,-2.41
45765,2020-08-30,World,,25030443.0,269059.0,256657.57100000003,843183.0,5697.0,5370.714,,,,,,,,7794798729.0,58.045,30.9,8.696,5.355,15469.207,10.0,233.07,8.51,6.434,34.635,60.13,2.705,72.58,,,,,,,,,,,,,,,,,,,,,,,,,,,,,,,0.033686299519349296,321.117245874175,10.817251725345992,3.3686299519349294,,0.321117245874175,5222515148.43,,,-2.73
45766,2020-08-31,World,,25275750.0,245307.0,259637.0,846954.0,3771.0,5436.857,,,,,,,,7794798729.0,58.045,30.9,8.696,5.355,15469.207,10.0,233.07,8.51,6.434,34.635,60.13,2.705,72.58,,,,,,,,,,,,,,,,,,,,,,,,,,,,,,,0.03350856057683748,324.2643059655069,10.865630139351351,3.350856057683748,,0.32426430596550687,5222515148.43,,,-8.83
45767,2020-09-01,World,,25518142.0,242392.0,264072.857,851008.0,4054.0,5404.714,,,,,,,,7794798729.0,58.045,30.9,8.696,5.355,15469.207,10.0,233.07,8.51,6.434,34.635,60.13,2.705,72.58,,,,,,,,,,,,,,,,,,,,,,,,,,,,,,,0.03334913646926175,327.3739693247184,10.917639179493944,3.334913646926175,,0.3273739693247184,5222515148.43,,,-1.19
45768,2020-09-02,World,,25786678.0,268536.0,266003.143,857519.0,6511.0,5409.571,,,,,,,,7794798729.0,58.045,30.9,8.696,5.355,15469.207,10.0,233.07,8.51,6.434,34.635,60.13,2.705,72.58,,,,,,,,,,,,,,,,,,,,,,,,,,,,,,,0.033254341641059774,330.8190358278589,11.001169238785614,3.3254341641059773,,0.3308190358278589,5222515148.43,,,10.79
45769,2020-09-03,World,,26069776.0,283098.0,266923.714,863598.0,6079.0,5378.857,,,,,,,,7794798729.0,58.045,30.9,8.696,5.355,15469.207,10.0,233.07,8.51,6.434,34.635,60.13,2.705,72.58,,,,,,,,,,,,,,,,,,,,,,,,,,,,,,,0.03312640660970773,334.45091921372176,11.07915714086426,3.3126406609707733,,0.3344509192137217,5222515148.43,,,5.42
45770,2020-09-04,World,,26348557.0,278781.0,266256.429,869391.0,5793.0,5337.429,,,,,,,,7794798729.0,58.045,30.9,8.696,5.355,15469.207,10.0,233.07,8.51,6.434,34.635,60.13,2.705,72.58,,,,,,,,,,,,,,,,,,,,,,,,,,,,,,,0.03299577278558367,338.02741951465725,11.1534759296028,3.299577278558367,,0.33802741951465726,5222515148.43,,,-1.52
45771,2020-09-05,World,,26642041.0,293484.0,268665.286,874978.0,5587.0,5356.0,,,,,,,,7794798729.0,58.045,30.9,8.696,5.355,15469.207,10.0,233.07,8.51,6.434,34.635,60.13,2.705,72.58,,,,,,,,,,,,,,,,,,,,,,,,,,,,,,,0.032842003358526474,341.7925455968499,11.225151930411057,3.2842003358526473,,0.34179254559684985,5222515148.43,,,5.27
45772,2020-09-06,World,,26921857.0,279816.0,270202.0,880341.0,5363.0,5308.286,,,,,,,,7794798729.0,58.045,30.9,8.696,5.355,15469.207,10.0,233.07,8.51,6.434,34.635,60.13,2.705,72.58,,,,,,,,,,,,,,,,,,,,,,,,,,,,,,,0.03269986167744669,345.3823239827749,11.293954220071818,3.269986167744669,,0.3453823239827749,5222515148.43,,,-4.66
45773,2020-09-07,World,,27170594.0,248737.0,270692.0,889371.0,9030.0,6059.571,,,,,,,,7794798729.0,58.045,30.9,8.696,5.355,15469.207,10.0,233.07,8.51,6.434,34.635,60.13,2.705,72.58,,,,,,,,,,,,,,,,,,,,,,,,,,,,,,,0.032732850816585016,348.57338777605275,11.409800700705173,3.2732850816585017,,0.34857338777605273,5222515148.43,,,-11.11
45774,2020-09-08,World,,27376857.0,206263.0,265530.714,893194.0,3823.0,6026.571,,,,,,,,7794798729.0,58.045,30.9,8.696,5.355,15469.207,10.0,233.07,8.51,6.434,34.635,60.13,2.705,72.58,,,,,,,,,,,,,,,,,,,,,,,,,,,,,,,0.03262587812764628,351.21954975112226,11.458846226226914,3.262587812764628,,0.35121954975112224,5222515148.43,,,-17.08
45775,2020-09-09,World,,27621450.0,244593.0,262110.28600000002,898158.0,4964.0,5805.571,,,,,,,,7794798729.0,58.045,30.9,8.696,5.355,15469.207,10.0,233.07,8.51,6.434,34.635,60.13,2.705,72.58,,,,,,,,,,,,,,,,,,,,,,,,,,,,,,,0.03251668540210597,354.35744988817146,11.522529717906204,3.251668540210597,,0.3543574498881714,5222515148.43,,,18.58
45776,2020-09-10,World,,27909320.0,287870.0,262792.0,904250.0,6092.0,5807.429,,,,,,,,7794798729.0,58.045,30.9,8.696,5.355,15469.207,10.0,233.07,8.51,6.434,34.635,60.13,2.705,72.58,,,,,,,,,,,,,,,,,,,,,,,,,,,,,,,0.03239957118267303,358.05055358473004,11.600684397863944,3.239957118267303,,0.35805055358473004,5222515148.43,,,17.69
45777,2020-09-11,World,,28214446.0,305126.0,266555.571,910140.0,5890.0,5821.286,,,,,,,,7794798729.0,58.045,30.9,8.696,5.355,15469.207,10.0,233.07,8.51,6.434,34.635,60.13,2.705,72.58,,,,,,,,,,,,,,,,,,,,,,,,,,,,,,,0.03225794332449412,361.9650356721866,11.67624760616189,3.2257943324494125,,0.36196503567218663,5222515148.43,,,5.99
45778,2020-09-12,World,,28519735.0,305289.0,268242.0,916024.0,5884.0,5863.714,,,,,,,,7794798729.0,58.045,30.9,8.696,5.355,15469.207,10.0,233.07,8.51,6.434,34.635,60.13,2.705,72.58,,,,,,,,,,,,,,,,,,,,,,,,,,,,,,,0.032118952016910396,365.8816088976657,11.751733840054102,3.2118952016910396,,0.36588160889766574,5222515148.43,,,0.05
45779,2020-09-13,World,,28806918.0,287183.0,269294.429,920956.0,4932.0,5802.143,,,,,,,,7794798729.0,58.045,30.9,8.696,5.355,15469.207,10.0,233.07,8.51,6.434,34.635,60.13,2.705,72.58,,,,,,,,,,,,,,,,,,,,,,,,,,,,,,,0.0319699594382155,369.5658990247675,11.815006801569462,3.1969959438215496,,0.3695658990247675,5222515148.43,,,-5.93
45780,2020-09-14,World,,29079612.0,272694.0,272716.857,924836.0,3880.0,5066.429,,,,,,,,7794798729.0,58.045,30.9,8.696,5.355,15469.207,10.0,233.07,8.51,6.434,34.635,60.13,2.705,72.58,,,,,,,,,,,,,,,,,,,,,,,,,,,,,,,0.03180358802586499,373.06430879108336,11.8647835839457,3.180358802586499,,0.3730643087910834,5222515148.43,,,-5.05
45781,2020-09-15,World,,29322368.0,242756.0,277930.143,929071.0,4235.0,5125.286,,,,,,,,7794798729.0,58.045,30.9,8.696,5.355,15469.207,10.0,233.07,8.51,6.434,34.635,60.13,2.705,72.58,,,,,,,,,,,,,,,,,,,,,,,,,,,,,,,0.03168471932416918,376.1786419309096,11.91911468532801,3.1684719324169177,,0.37617864193090955,5222515148.43,,,-10.98
45782,2020-09-16,World,,29626492.0,304124.0,286434.571,936029.0,6958.0,5410.143,,,,,,,,7794798729.0,58.045,30.9,8.696,5.355,15469.207,10.0,233.07,8.51,6.434,34.635,60.13,2.705,72.58,,,,,,,,,,,,,,,,,,,,,,,,,,,,,,,0.03159432443098562,380.0802692926082,12.008379337847044,3.159432443098562,,0.3800802692926082,5222515148.43,,,25.28
45783,2020-09-17,World,,29918535.0,292043.0,287030.714,941464.0,5435.0,5316.286,,,,,,,,7794798729.0,58.045,30.9,8.696,5.355,15469.207,10.0,233.07,8.51,6.434,34.635,60.13,2.705,72.58,,,,,,,,,,,,,,,,,,,,,,,,,,,,,,,0.03146758355648096,383.82690868835647,12.078105320376643,3.146758355648096,,0.38382690868835645,5222515148.43,,,-3.97
45784,2020-09-18,World,,30233840.0,315305.0,288484.857,946784.0,5320.0,5234.857,,,,,,,,7794798729.0,58.045,30.9,8.696,5.355,15469.207,10.0,233.07,8.51,6.434,34.635,60.13,2.705,72.58,,,,,,,,,,,,,,,,,,,,,,,,,,,,,,,0.031315373766613835,387.87197785514496,12.146355960129627,3.1315373766613837,,0.38787197785514493,5222515148.43,,,7.97
45785,2020-09-19,World,,30545067.0,311227.0,289333.143,952736.0,5952.0,5244.571,,,,,,,,7794798729.0,58.045,30.9,8.696,5.355,15469.207,10.0,233.07,8.51,6.434,34.635,60.13,2.705,72.58,,,,,,,,,,,,,,,,,,,,,,,,,,,,,,,0.031191157642574494,391.8647300841679,12.222714570620186,3.1191157642574496,,0.3918647300841679,5222515148.43,,,-1.29
45786,2020-09-20,World,,30841218.0,296151.0,290614.286,957809.0,5073.0,5264.714,,,,,,,,7794798729.0,58.045,30.9,8.696,5.355,15469.207,10.0,233.07,8.51,6.434,34.635,60.13,2.705,72.58,,,,,,,,,,,,,,,,,,,,,,,,,,,,,,,0.031056134034654532,395.6640712897104,12.287796430670353,3.105613403465453,,0.39566407128971043,5222515148.43,,,-4.84
45787,2020-09-21,World,,31127526.0,286308.0,292559.143,961550.0,3741.0,5244.857,,,,,,,,7794798729.0,58.045,30.9,8.696,5.355,15469.207,10.0,233.07,8.51,6.434,34.635,60.13,2.705,72.58,,,,,,,,,,,,,,,,,,,,,,,,,,,,,,,0.03089066570854362,399.3371359826423,12.33578997264703,3.089066570854362,,0.3993371359826423,5222515148.43,,,-3.32
45788,2020-09-22,World,,31392986.0,265460.0,295802.571,965945.0,4395.0,5267.714,,,,,,,,7794798729.0,58.045,30.9,8.696,5.355,15469.207,10.0,233.07,8.51,6.434,34.635,60.13,2.705,72.58,,,,,,,,,,,,,,,,,,,,,,,,,,,,,,,0.03076945276884461,402.7427402737752,12.392173724848977,3.076945276884461,,0.4027427402737752,5222515148.43,,,-7.28
45789,2020-09-23,World,,31673238.0,280252.0,292392.286,972009.0,6064.0,5140.0,,,,,,,,7794798729.0,58.045,30.9,8.696,5.355,15469.207,10.0,233.07,8.51,6.434,34.635,60.13,2.705,72.58,,,,,,,,,,,,,,,,,,,,,,,,,,,,,,,0.030688652672644333,406.33811213318376,12.46996919091328,3.0688652672644334,,0.4063381121331837,5222515148.43,,,5.57
45790,2020-09-24,World,,31982171.0,308933.0,294805.143,978375.0,6366.0,5273.0,,,,,,,,7794798729.0,58.045,30.9,8.696,5.355,15469.207,10.0,233.07,8.51,6.434,34.635,60.13,2.705,72.58,,,,,,,,,,,,,,,,,,,,,,,,,,,,,,,0.03059126286329968,410.3014344810801,12.551639035399651,3.0591262863299677,,0.4103014344810801,5222515148.43,,,10.23
45791,2020-09-25,World,,32289042.0,306871.0,293600.286,984040.0,5665.0,5322.286,,,,,,,,7794798729.0,58.045,30.9,8.696,5.355,15469.207,10.0,233.07,8.51,6.434,34.635,60.13,2.705,72.58,,,,,,,,,,,,,,,,,,,,,,,,,,,,,,,0.030475973861349,414.23830329153844,12.624315703482482,3.0475973861348997,,0.41423830329153843,5222515148.43,,,-0.67
